src,dst,Support
산업안전보건법,산업안전보건법 시행규칙,0.030016427
산업안전보건법,산업안전보건법 시행령,0.028423515
국가를 당사자로 하는 계약에 관한 법률,국가를 당사자로 하는 계약에 관한 법률 시행령,0.02464035
산업안전보건법 시행령,산업안전보건법 시행규칙,0.023595002
국가를 당사자로 하는 계약에 관한 법률 시행령,국가를 당사자로 하는 계약에 관한 법률 시행규칙,0.023097217
근로기준법,근로기준법 시행령,0.022599433
개인정보 보호법,개인정보 보호법 시행령,0.020807407
건설기술 진흥법 시행령,건설기술 진흥법 시행규칙,0.020210065
국가를 당사자로 하는 계약에 관한 법률,국가를 당사자로 하는 계약에 관한 법률 시행규칙,0.01742247
근로기준법,근로기준법 시행규칙,0.016028672
산업안전보건법 시행규칙,산업안전보건법 시행령,0.015381552
개인정보 보호법,개인정보 보호법 시행규칙,0.01478421
근로기준법 시행령,근로기준법 시행규칙,0.014684653
건설산업기본법,건설산업기본법 시행령,0.014684653
산업안전보건법,산업안전보건기준에 관한 규칙,0.014385982
국가를 당사자로 하는 계약에 관한 법률 시행령,국가를 당사자로 하는 계약에 관한 법률,0.014087311
소방시설 설치ㆍ유지 및 안전관리에 관한 법률 시행령,소방시설 설치ㆍ유지 및 안전관리에 관한 법률 시행규칙,0.013888198
건설기술 진흥법,건설기술 진흥법 시행령,0.013888198
산업안전보건법 시행규칙,산업안전보건법,0.013440191
건축법,건축법 시행규칙,0.013041963
산업안전보건법 시행규칙,산업안전보건기준에 관한 규칙,0.012942406
개인정보 보호법 시행령,개인정보 보호법 시행규칙,0.012743292
주택법,주택법 시행령,0.012693514
건설기술 진흥법,건설기술 진흥법 시행규칙,0.011648166
자본시장과 금융투자업에 관한 법률,자본시장과 금융투자업에 관한 법률 시행령,0.011548609
자본시장과 금융투자업에 관한 법률,상법,0.01149883
민법,상법,0.011150381
건설산업기본법 시행령,건설산업기본법 시행규칙,0.011150381
산업안전보건법 시행령,산업안전보건법,0.010702374
상법,민법,0.010403704
상법,자본시장과 금융투자업에 관한 법률,0.010304147
국토의 계획 및 이용에 관한 법률,국토의 계획 및 이용에 관한 법률 시행령,0.010105033
소득세법,소득세법 시행령,0.009955697
독점규제 및 공정거래에 관한 법률,독점규제 및 공정거래에 관한 법률 시행령,0.009955697
소방시설 설치ㆍ유지 및 안전관리에 관한 법률,소방시설 설치ㆍ유지 및 안전관리에 관한 법률 시행령,0.009806362
산업안전보건기준에 관한 규칙,산업안전보건법 시행규칙,0.009806362
보험업법,보험업법 시행령,0.009806362
개인정보 보호법,민법,0.009756583
건설기술 진흥법 시행규칙,건설기술 진흥법 시행령,0.009756583
산업안전보건법 시행령,산업안전보건기준에 관한 규칙,0.009507691
개인정보 보호법,상법,0.009457912
산업안전보건기준에 관한 규칙,산업안전보건법,0.009358355
건설산업기본법,건설산업기본법 시행규칙,0.009358355
개인정보 보호법,근로기준법,0.009308577
폐기물관리법 시행령,폐기물관리법 시행규칙,0.009258798
폐기물관리법,폐기물관리법 시행령,0.009159241
부가가치세법,부가가치세법 시행령,0.009159241
민법,개인정보 보호법,0.009059684
소방시설 설치ㆍ유지 및 안전관리에 관한 법률,소방시설 설치ㆍ유지 및 안전관리에 관한 법률 시행규칙,0.009009906
폐기물관리법,폐기물관리법 시행규칙,0.00886057
근로기준법,민법,0.008761013
법인세법,법인세법 시행령,0.008661457
도로교통법,도로교통법 시행령,0.0085619
주택법 시행령,주택법 시행규칙,0.008512121
근로기준법,개인정보 보호법,0.008462343
산업안전보건법,근로기준법,0.008412564
국가를 당사자로 하는 계약에 관한 법률 시행령,근로기준법,0.008313007
국가를 당사자로 하는 계약에 관한 법률 시행규칙,국가를 당사자로 하는 계약에 관한 법률 시행령,0.008313007
주택법,주택법 시행규칙,0.008263229
산업안전보건기준에 관한 규칙,산업안전보건법 시행령,0.008113893
자본시장과 금융투자업에 관한 법률,개인정보 보호법,0.008113893
민법,형법,0.008014336
소방시설 설치ㆍ유지 및 안전관리에 관한 법률 시행규칙,소방시설 설치ㆍ유지 및 안전관리에 관한 법률 시행령,0.007964558
상법,근로기준법,0.007964558
공공기관의 정보공개에 관한 법률,공공기관의 정보공개에 관한 법률 시행령,0.007964558
건설기술 진흥법 시행령,건설기술 진흥법,0.007964558
소방기본법 시행령,소방기본법 시행규칙,0.007914779
건설산업기본법,산업안전보건법,0.007914779
상법,개인정보 보호법,0.007914779
국가를 당사자로 하는 계약에 관한 법률 시행령,민법,0.007715665
민법,근로기준법,0.007665887
도로교통법,도로교통법 시행규칙,0.007616108
건설산업기본법,건설기술 진흥법 시행령,0.007616108
국가를 당사자로 하는 계약에 관한 법률 시행령,건설산업기본법,0.00756633
근로기준법,산업안전보건법,0.007516551
국가를 당사자로 하는 계약에 관한 법률 시행령,개인정보 보호법,0.007516551
보험업법,상법,0.007416994
개인정보 보호법 시행령,개인정보 보호법,0.007416994
개인정보 보호법,정보통신망 이용촉진 및 정보보호 등에 관한 법률,0.007317437
소방기본법,소방기본법 시행령,0.007317437
자본시장과 금융투자업에 관한 법률,민법,0.007267659
형법,형사소송법,0.007118323
국토의 계획 및 이용에 관한 법률,국토의 계획 및 이용에 관한 법률 시행규칙,0.007118323
전기사업법,전기사업법 시행규칙,0.007068545
소방기본법,소방기본법 시행규칙,0.007068545
고용보험법,고용보험법 시행령,0.007068545
주택임대차보호법,주택임대차보호법 시행령,0.007018766
상법,독점규제 및 공정거래에 관한 법률,0.007018766
중소기업제품 구매촉진 및 판로지원에 관한 법률,중소기업제품 구매촉진 및 판로지원에 관한 법률 시행령,0.006968988
대기환경보전법,대기환경보전법 시행규칙,0.006968988
근로자퇴직급여 보장법,근로자퇴직급여 보장법 시행령,0.006968988
중소기업기본법,중소기업기본법 시행령,0.00691921
수질 및 수생태계 보전에 관한 법률 시행령,수질 및 수생태계 보전에 관한 법률 시행규칙,0.00691921
민법,민사소송법,0.00691921
산업안전보건법 시행규칙,근로기준법,0.00691921
국가를 당사자로 하는 계약에 관한 법률 시행규칙,국가를 당사자로 하는 계약에 관한 법률,0.00691921
개인정보 보호법,자본시장과 금융투자업에 관한 법률,0.006819653
수질 및 수생태계 보전에 관한 법률,수질 및 수생태계 보전에 관한 법률 시행규칙,0.006819653
개인정보 보호법,국가를 당사자로 하는 계약에 관한 법률 시행령,0.006819653
대기환경보전법 시행령,대기환경보전법 시행규칙,0.006769874
건설기술 진흥법 시행규칙,건설기술 진흥법,0.006769874
상가건물 임대차보호법,상가건물 임대차보호법 시행령,0.006720096
근로기준법,국가를 당사자로 하는 계약에 관한 법률 시행령,0.006720096
신용정보의 이용 및 보호에 관한 법률,개인정보 보호법,0.006720096
신용정보의 이용 및 보호에 관한 법률,신용정보의 이용 및 보호에 관한 법률 시행령,0.006670317
상법,소득세법,0.006670317
건설산업기본법,건설기술 진흥법 시행규칙,0.006670317
자본시장과 금융투자업에 관한 법률,자본시장과 금융투자업에 관한 법률 시행규칙,0.006620539
국가를 당사자로 하는 계약에 관한 법률 시행령,공공기관의 운영에 관한 법률,0.006620539
산업안전보건법,건설산업기본법,0.006620539
개인정보 보호법,소득세법,0.006520982
국가를 당사자로 하는 계약에 관한 법률 시행령,산업안전보건법,0.006471203
환경영향평가법,환경영향평가법 시행령,0.006421425
자본시장과 금융투자업에 관한 법률,은행법,0.006421425
개인정보 보호법,신용정보의 이용 및 보호에 관한 법률,0.006421425
근로기준법,상법,0.006371646
민법,국가를 당사자로 하는 계약에 관한 법률 시행령,0.006371646
건설기술 진흥법 시행령,건설산업기본법,0.006371646
고용보험법,고용보험법 시행규칙,0.006321868
국가를 당사자로 하는 계약에 관한 법률 시행령,중소기업제품 구매촉진 및 판로지원에 관한 법률,0.006272089
외국환거래법,외국환거래법 시행령,0.006222311
도로법,도로법 시행령,0.006222311
건설산업기본법,국가를 당사자로 하는 계약에 관한 법률,0.006222311
건설산업기본법 시행령,건설산업기본법,0.006222311
시설물의 안전관리에 관한 특별법,시설물의 안전관리에 관한 특별법 시행령,0.006172532
소득세법,소득세법 시행규칙,0.006172532
도로교통법 시행령,도로교통법 시행규칙,0.006172532
건설산업기본법,국가를 당사자로 하는 계약에 관한 법률 시행령,0.006172532
경비업법,경비업법 시행령,0.006172532
자본시장과 금융투자업에 관한 법률,신용정보의 이용 및 보호에 관한 법률,0.006122754
공공기관의 정보공개에 관한 법률,공공기관의 정보공개에 관한 법률 시행규칙,0.006122754
국가를 당사자로 하는 계약에 관한 법률 시행령,산업안전보건법 시행규칙,0.006072975
상법,보험업법,0.006072975
경비업법 시행령,경비업법 시행규칙,0.006072975
법인세법 시행령,법인세법 시행규칙,0.006023197
자본시장과 금융투자업에 관한 법률,소득세법,0.005973418
근로기준법,산업안전보건법 시행규칙,0.005973418
자본시장과 금융투자업에 관한 법률,근로기준법,0.005973418
산업안전보건법,국가를 당사자로 하는 계약에 관한 법률 시행령,0.005973418
국가를 당사자로 하는 계약에 관한 법률 시행령,건설기술 진흥법 시행령,0.005973418
지방자치단체를 당사자로 하는 계약에 관한 법률,지방자치단체를 당사자로 하는 계약에 관한 법률 시행규칙,0.00592364
자본시장과 금융투자업에 관한 법률,보험업법,0.00592364
건설기술 진흥법 시행령,국가를 당사자로 하는 계약에 관한 법률 시행령,0.00592364
정보통신망 이용촉진 및 정보보호 등에 관한 법률,개인정보 보호법,0.00592364
국가를 당사자로 하는 계약에 관한 법률 시행령,공공기관의 정보공개에 관한 법률,0.005873861
초ㆍ중등교육법,초ㆍ중등교육법 시행령,0.005824083
지방자치단체를 당사자로 하는 계약에 관한 법률,지방자치단체를 당사자로 하는 계약에 관한 법률 시행령,0.005824083
지방자치단체를 당사자로 하는 계약에 관한 법률 시행령,지방자치단체를 당사자로 하는 계약에 관한 법률 시행규칙,0.005824083
민법,자본시장과 금융투자업에 관한 법률,0.005824083
소방시설 설치ㆍ유지 및 안전관리에 관한 법률 시행령,소방시설 설치ㆍ유지 및 안전관리에 관한 법률,0.005824083
건설산업기본법,근로기준법,0.005824083
개인정보 보호법,공공기관의 정보공개에 관한 법률,0.005824083
산업안전보건법,민법,0.005774304
국가를 당사자로 하는 계약에 관한 법률,근로기준법,0.005774304
공공기관의 운영에 관한 법률,국가를 당사자로 하는 계약에 관한 법률,0.005774304
국토의 계획 및 이용에 관한 법률 시행령,국토의 계획 및 이용에 관한 법률 시행규칙,0.005724526
자본시장과 금융투자업에 관한 법률,전자금융거래법,0.005674747
법인세법,소득세법,0.005674747
형법,민법,0.005674747
건설기술 진흥법 시행령,건설산업기본법 시행령,0.005674747
건설산업기본법,건설기술 진흥법,0.005674747
산업안전보건법,개인정보 보호법,0.005674747
수질 및 수생태계 보전에 관한 법률,수질 및 수생태계 보전에 관한 법률 시행령,0.005624969
근로기준법,소득세법,0.005624969
법인세법,법인세법 시행규칙,0.005624969
건설산업기본법,하도급거래 공정화에 관한 법률,0.00557519
건설산업기본법,산업안전보건법 시행규칙,0.00557519
민원사무 처리에 관한 법률,민원사무 처리에 관한 법률 시행령,0.00557519
근로기준법 시행령,근로기준법,0.00557519
산업안전보건법 시행령,근로기준법,0.00557519
건설산업기본법 시행령,건설기술 진흥법 시행령,0.00557519
건설산업기본법 시행령,건설기술 진흥법 시행규칙,0.00557519
상법,법인세법,0.005525412
공공기관의 운영에 관한 법률,국가를 당사자로 하는 계약에 관한 법률 시행령,0.005525412
민법,국가를 당사자로 하는 계약에 관한 법률,0.005525412
경비업법,경비업법 시행규칙,0.005525412
국가를 당사자로 하는 계약에 관한 법률,건설산업기본법,0.005525412
산업안전보건법 시행규칙,건설산업기본법,0.005525412
폐기물관리법 시행규칙,폐기물관리법 시행령,0.005475633
은행법,자본시장과 금융투자업에 관한 법률,0.005475633
자본시장과 금융투자업에 관한 법률,법인세법,0.005475633
국가를 당사자로 하는 계약에 관한 법률,민법,0.005475633
국가를 당사자로 하는 계약에 관한 법률 시행령,건설기술 진흥법 시행규칙,0.005475633
건축법,주택법,0.005425855
신용정보의 이용 및 보호에 관한 법률,자본시장과 금융투자업에 관한 법률,0.005425855
의료법,의료법 시행규칙,0.005425855
위험물안전관리법,위험물안전관리법 시행규칙,0.005425855
식품위생법,식품위생법 시행령,0.005425855
산업안전보건법,소방시설 설치ㆍ유지 및 안전관리에 관한 법률 시행령,0.005425855
보험업법,개인정보 보호법,0.005425855
개인정보 보호법,형법,0.005376076
주택법 시행령,주택법,0.005376076
위험물안전관리법 시행령,위험물안전관리법 시행규칙,0.005376076
민법,소득세법,0.005376076
독점규제 및 공정거래에 관한 법률,상법,0.005376076
개인정보 보호법,독점규제 및 공정거래에 관한 법률,0.005376076
소득세법,근로기준법,0.005376076
국가를 당사자로 하는 계약에 관한 법률 시행령,건설산업기본법 시행령,0.005376076
건설기술 진흥법 시행규칙,건설산업기본법,0.005376076
개인정보 보호법,산업안전보건법,0.005326298
건축법,국토의 계획 및 이용에 관한 법률,0.005326298
공공기관의 정보공개에 관한 법률 시행령,공공기관의 정보공개에 관한 법률 시행규칙,0.005326298
건설산업기본법 시행령,산업안전보건법,0.005276519
민법,민사집행법,0.005276519
자본시장과 금융투자업에 관한 법률,독점규제 및 공정거래에 관한 법률,0.005276519
국가를 당사자로 하는 계약에 관한 법률 시행령,국유재산법,0.005276519
개인정보 보호법,국가를 당사자로 하는 계약에 관한 법률,0.005276519
건설산업기본법 시행령,건설기술 진흥법,0.005276519
근로기준법,근로자퇴직급여 보장법,0.005226741
근로기준법 시행규칙,근로기준법 시행령,0.005226741
고압가스 안전관리법,고압가스 안전관리법 시행령,0.005226741
근로기준법,산업안전보건법 시행령,0.005176963
건설산업기본법,민법,0.005176963
위험물안전관리법,위험물안전관리법 시행령,0.005127184
상법,신용정보의 이용 및 보호에 관한 법률,0.005127184
건설산업기본법,산업안전보건법 시행령,0.005127184
국가를 당사자로 하는 계약에 관한 법률 시행령,산업안전보건법 시행령,0.005127184
대기환경보전법,대기환경보전법 시행령,0.005127184
건설기술 진흥법 시행령,국가를 당사자로 하는 계약에 관한 법률 시행규칙,0.005127184
형사소송법,형법,0.005077406
전기사업법,전기사업법 시행령,0.005077406
은행법,은행법 시행령,0.005077406
유해화학물질 관리법 시행령,유해화학물질 관리법 시행규칙,0.005027627
개인정보 보호법,보험업법,0.005027627
건설산업기본법,국가를 당사자로 하는 계약에 관한 법률 시행규칙,0.005027627
근로기준법,국가를 당사자로 하는 계약에 관한 법률,0.005027627
공공기관의 운영에 관한 법률,공공기관의 운영에 관한 법률 시행령,0.005027627
산업안전보건법,건설기술 진흥법 시행령,0.005027627
국가를 당사자로 하는 계약에 관한 법률 시행령,건설기술 진흥법,0.005027627
자본시장과 금융투자업에 관한 법률,채무자 회생 및 파산에 관한 법률,0.004977849
국가를 당사자로 하는 계약에 관한 법률 시행령,중소기업제품 구매촉진 및 판로지원에 관한 법률 시행령,0.004977849
정보통신망 이용촉진 및 정보보호 등에 관한 법률,정보통신망 이용촉진 및 정보보호 등에 관한 법률 시행령,0.004977849
국가를 당사자로 하는 계약에 관한 법률 시행령,소득세법,0.004977849
소득세법,개인정보 보호법,0.004977849
상법,조세특례제한법,0.00492807
보험업법 시행령,보험업법 시행규칙,0.00492807
소득세법,민법,0.00492807
건설기술 진흥법 시행규칙,건설산업기본법 시행령,0.00492807
유해화학물질 관리법,유해화학물질 관리법 시행규칙,0.004878292
상속세 및 증여세법,상속세 및 증여세법 시행령,0.004878292
산업안전보건법 시행규칙,개인정보 보호법,0.004878292
산업안전보건법,하도급거래 공정화에 관한 법률,0.004828513
국가를 당사자로 하는 계약에 관한 법률,중소기업제품 구매촉진 및 판로지원에 관한 법률,0.004828513
보험업법,자본시장과 금융투자업에 관한 법률,0.004828513
자본시장과 금융투자업에 관한 법률,여신전문금융업법,0.004828513
소음ㆍ진동관리법,소음ㆍ진동관리법 시행규칙,0.004828513
국가를 당사자로 하는 계약에 관한 법률,산업안전보건법,0.004828513
국유재산법,국유재산법 시행령,0.004828513
상법,국가를 당사자로 하는 계약에 관한 법률 시행령,0.004828513
국토의 계획 및 이용에 관한 법률,건축법,0.004828513
국가를 당사자로 하는 계약에 관한 법률,개인정보 보호법,0.004828513
소득세법,조세특례제한법,0.004778735
신용정보의 이용 및 보호에 관한 법률,신용정보의 이용 및 보호에 관한 법률 시행규칙,0.004778735
보험업법,신용정보의 이용 및 보호에 관한 법률,0.004778735
수질 및 수생태계 보전에 관한 법률 시행규칙,수질 및 수생태계 보전에 관한 법률 시행령,0.004778735
주택임대차보호법,상가건물 임대차보호법,0.004778735
민원사무 처리에 관한 법률,민원사무 처리에 관한 법률 시행규칙,0.004778735
건설기술 진흥법 시행령,국가를 당사자로 하는 계약에 관한 법률,0.004778735
근로기준법,건설산업기본법,0.004778735
개인정보 보호법 시행규칙,개인정보 보호법,0.004778735
환경영향평가법 시행령,환경영향평가법 시행규칙,0.004728956
상법,형법,0.004728956
상법,지방세법,0.004728956
주차장법 시행령,주차장법 시행규칙,0.004728956
자본시장과 금융투자업에 관한 법률,주식회사의 외부감사에 관한 법률,0.004728956
소득세법,자본시장과 금융투자업에 관한 법률,0.004728956
의료법,의료법 시행령,0.004728956
신용정보의 이용 및 보호에 관한 법률,상법,0.004728956
소득세법,법인세법,0.004728956
건설산업기본법 시행령,국가를 당사자로 하는 계약에 관한 법률 시행령,0.004728956
소방시설 설치ㆍ유지 및 안전관리에 관한 법률 시행령,위험물안전관리법 시행규칙,0.004679178
신용정보의 이용 및 보호에 관한 법률,여신전문금융업법,0.004679178
부가가치세법,부가가치세법 시행규칙,0.004679178
산업안전보건법,대기환경보전법 시행규칙,0.004679178
국가를 당사자로 하는 계약에 관한 법률 시행규칙,근로기준법,0.004679178
건설기술 진흥법,건설산업기본법,0.004679178
국가를 당사자로 하는 계약에 관한 법률 시행령,형법,0.004629399
국가를 당사자로 하는 계약에 관한 법률 시행령,지방세법,0.004629399
자본시장과 금융투자업에 관한 법률,외국환거래법,0.004629399
소득세법,상법,0.004629399
상법,민사소송법,0.004629399
근로기준법,독점규제 및 공정거래에 관한 법률,0.004629399
개인정보 보호법,근로기준법 시행령,0.004629399
민법,채무자 회생 및 파산에 관한 법률,0.004579621
자본시장과 금융투자업에 관한 법률 시행령,자본시장과 금융투자업에 관한 법률,0.004579621
건설기술 진흥법 시행령,산업안전보건법,0.004579621
산업안전보건법 시행규칙,대기환경보전법 시행규칙,0.004579621
건설기술 진흥법 시행규칙,국가를 당사자로 하는 계약에 관한 법률 시행령,0.004579621
민법,형사소송법,0.004529842
산업안전보건법,폐기물관리법 시행규칙,0.004529842
재난 및 안전관리 기본법,재난 및 안전관리 기본법 시행령,0.004529842
독점규제 및 공정거래에 관한 법률,자본시장과 금융투자업에 관한 법률,0.004529842
개인정보 보호법,신용정보의 이용 및 보호에 관한 법률 시행령,0.004529842
소득세법 시행령,소득세법 시행규칙,0.004529842
산업안전보건법,국가를 당사자로 하는 계약에 관한 법률,0.004529842
국가를 당사자로 하는 계약에 관한 법률,공공기관의 운영에 관한 법률,0.004529842
산업안전보건법,건설기술 진흥법 시행규칙,0.004529842
공공기관의 정보공개에 관한 법률,개인정보 보호법,0.004529842
근로기준법,형법,0.004480064
주택건설기준 등에 관한 규정,주택건설기준 등에 관한 규칙,0.004480064
개인정보 보호법,여신전문금융업법,0.004480064
소방시설공사업법,소방시설공사업법 시행령,0.004480064
산업안전보건법,상법,0.004480064
국가를 당사자로 하는 계약에 관한 법률 시행령,법인세법,0.004480064
보험업법,민법,0.004480064
민법,국가를 당사자로 하는 계약에 관한 법률 시행규칙,0.004480064
고용보험법 시행령,고용보험법 시행규칙,0.004480064
건축법 시행규칙,건축법,0.004480064
국가를 당사자로 하는 계약에 관한 법률,건설기술 진흥법 시행령,0.004480064
하도급거래 공정화에 관한 법률,하도급거래 공정화에 관한 법률 시행령,0.004430285
청원경찰법,청원경찰법 시행령,0.004430285
철도안전법 시행령,철도안전법 시행규칙,0.004430285
개인정보 보호법,조세특례제한법,0.004430285
소음ㆍ진동관리법 시행령,소음ㆍ진동관리법 시행규칙,0.004430285
산업안전보건법 시행규칙,소방시설 설치ㆍ유지 및 안전관리에 관한 법률 시행령,0.004430285
국가를 당사자로 하는 계약에 관한 법률,소득세법,0.004430285
상법,상법 시행령,0.004430285
자본시장과 금융투자업에 관한 법률,근로자퇴직급여 보장법,0.004430285
고용보험법,근로기준법,0.004430285
산업안전보건법 시행규칙,국가를 당사자로 하는 계약에 관한 법률 시행령,0.004430285
개인정보 보호법,국가를 당사자로 하는 계약에 관한 법률 시행규칙,0.004430285
공공기관의 운영에 관한 법률,국가를 당사자로 하는 계약에 관한 법률 시행규칙,0.004430285
건설산업기본법,건축법,0.004430285
건축법,건축물의 설비기준 등에 관한 규칙,0.004430285
국가를 당사자로 하는 계약에 관한 법률,건설산업기본법 시행령,0.004430285
산업안전보건법 시행령,건설산업기본법,0.004430285
독점규제 및 공정거래에 관한 법률,개인정보 보호법,0.004430285
전자금융거래법,전자금융거래법 시행령,0.004380507
근로기준법,자본시장과 금융투자업에 관한 법률,0.004380507
유해화학물질 관리법,유해화학물질 관리법 시행령,0.004380507
민법,상가건물 임대차보호법,0.004380507
보험업법,보험업법 시행규칙,0.004380507
보험업법 시행령,보험업법,0.004380507
공인중개사법,공인중개사법 시행령,0.004380507
국가를 당사자로 하는 계약에 관한 법률 시행령,공익사업을 위한 토지 등의 취득 및 보상에 관한 법률,0.004380507
민법,공공기관의 정보공개에 관한 법률,0.004380507
환경영향평가법,환경영향평가법 시행규칙,0.004330728
청원경찰법 시행령,청원경찰법 시행규칙,0.004330728
민법,정보통신망 이용촉진 및 정보보호 등에 관한 법률,0.004330728
여신전문금융업법,여신전문금융업법 시행령,0.004330728
보험업법 시행령,상법,0.004330728
건설기술 진흥법 시행령,산업안전보건법 시행규칙,0.004330728
개인정보 보호법,법인세법,0.004330728
산업안전보건법 시행규칙,민법,0.004330728
자본시장과 금융투자업에 관한 법률,금융지주회사법,0.004330728
공유재산 및 물품 관리법,공유재산 및 물품 관리법 시행령,0.004330728
주택법,건축법,0.004330728
개인정보 보호법,건설산업기본법,0.004330728
민법,주택임대차보호법,0.00428095
조세특례제한법,조세특례제한법 시행규칙,0.00428095
민법,조세특례제한법,0.00428095
자본시장과 금융투자업에 관한 법률,조세특례제한법,0.00428095
정보통신망 이용촉진 및 정보보호 등에 관한 법률,정보통신망 이용촉진 및 정보보호 등에 관한 법률 시행규칙,0.00428095
대기환경보전법 시행규칙,산업안전보건법,0.00428095
민원사무 처리에 관한 법률 시행령,민원사무 처리에 관한 법률 시행규칙,0.00428095
근로기준법,남녀고용평등과 일ㆍ가정 양립 지원에 관한 법률,0.00428095
산업안전보건기준에 관한 규칙,근로기준법,0.00428095
건설기술 진흥법,국가를 당사자로 하는 계약에 관한 법률 시행령,0.00428095
근로기준법,국가를 당사자로 하는 계약에 관한 법률 시행규칙,0.00428095
민법,건설산업기본법,0.00428095
하도급거래 공정화에 관한 법률,건설산업기본법,0.00428095
형법,개인정보 보호법,0.00428095
상법,자본시장과 금융투자업에 관한 법률 시행령,0.004231171
건설기술 진흥법 시행령,산업안전보건법 시행령,0.004231171
민사소송법,민법,0.004231171
도로법,도로법 시행규칙,0.004231171
도로법 시행령,도로법 시행규칙,0.004231171
근로기준법,근로복지기본법,0.004231171
산업안전보건법,국가를 당사자로 하는 계약에 관한 법률 시행규칙,0.004231171
상법,국가를 당사자로 하는 계약에 관한 법률,0.004231171
개인정보 보호법,지방세법,0.004181393
국토의 계획 및 이용에 관한 법률,주택법,0.004181393
신용정보의 이용 및 보호에 관한 법률,전자금융거래법,0.004181393
임대주택법 시행령,임대주택법 시행규칙,0.004181393
소방시설 설치ㆍ유지 및 안전관리에 관한 법률 시행규칙,위험물안전관리법 시행규칙,0.004181393
개인정보 보호법,산업안전보건법 시행규칙,0.004181393
대기환경보전법 시행규칙,산업안전보건법 시행규칙,0.004181393
국가를 당사자로 하는 계약에 관한 법률 시행규칙,산업안전보건법,0.004181393
공인중개사법,공인중개사법 시행규칙,0.004181393
개인정보 보호법,공공기관의 운영에 관한 법률,0.004181393
국가를 당사자로 하는 계약에 관한 법률 시행규칙,건설산업기본법,0.004181393
건축법,건설기술 진흥법 시행령,0.004181393
전기사업법 시행령,전기사업법 시행규칙,0.004131614
대기환경보전법 시행규칙,수질 및 수생태계 보전에 관한 법률 시행규칙,0.004131614
상법,법인세법 시행령,0.004131614
근로기준법,법인세법,0.004131614
민법,법인세법,0.004131614
상법,독점규제 및 공정거래에 관한 법률 시행령,0.004131614
민법,독점규제 및 공정거래에 관한 법률,0.004131614
대기환경보전법 시행규칙,대기환경보전법 시행령,0.004131614
근로기준법,노동조합 및 노동관계조정법,0.004131614
형법,근로기준법,0.004131614
국가를 당사자로 하는 계약에 관한 법률 시행령,건축법,0.004131614
근로기준법,개인정보 보호법 시행령,0.004131614
국민건강보험법,개인정보 보호법,0.004131614
산업안전보건법 시행령,개인정보 보호법,0.004131614
산업안전보건법 시행규칙,폐기물관리법 시행규칙,0.004081836
대기환경보전법,폐기물관리법,0.004081836
개인정보 보호법,전자금융거래법,0.004081836
민법,신용정보의 이용 및 보호에 관한 법률,0.004081836
소방시설 설치ㆍ유지 및 안전관리에 관한 법률 시행령,소방기본법 시행령,0.004081836
자본시장과 금융투자업에 관한 법률 시행령,상법,0.004081836
개인정보 보호법,산업안전보건법 시행령,0.004081836
개인정보 보호법,부가가치세법,0.004081836
신용정보의 이용 및 보호에 관한 법률,민법,0.004081836
형사소송법,민법,0.004081836
금융실명거래 및 비밀보장에 관한 법률,금융실명거래 및 비밀보장에 관한 법률 시행령,0.004081836
근로자퇴직급여 보장법,근로자퇴직급여 보장법 시행규칙,0.004081836
근로자퇴직급여 보장법 시행령,근로자퇴직급여 보장법 시행규칙,0.004081836
건설기술 진흥법,건설산업기본법 시행령,0.004081836
건설산업기본법 시행규칙,건설산업기본법 시행령,0.004081836
건설산업기본법,개인정보 보호법,0.004081836
하수도법 시행령,하수도법 시행규칙,0.004032057
건축법,주택법 시행령,0.004032057
국가를 당사자로 하는 계약에 관한 법률 시행령,조세특례제한법,0.004032057
개인정보 보호법,의료법,0.004032057
개인정보 보호법,은행법,0.004032057
은행법,신용정보의 이용 및 보호에 관한 법률,0.004032057
소음ㆍ진동관리법,소음ㆍ진동관리법 시행령,0.004032057
소방시설 설치ㆍ유지 및 안전관리에 관한 법률 시행규칙,소방시설 설치ㆍ유지 및 안전관리에 관한 법률,0.004032057
개인정보 보호법,소득세법 시행령,0.004032057
은행법,상법,0.004032057
조세특례제한법,상법,0.004032057
민법,보험업법,0.004032057
산업안전보건법 시행규칙,국가를 당사자로 하는 계약에 관한 법률,0.004032057
의료법,개인정보 보호법,0.004032057
상법,정보통신망 이용촉진 및 정보보호 등에 관한 법률,0.003982279
조세특례제한법,자본시장과 금융투자업에 관한 법률,0.003982279
임대주택법,임대주택법 시행령,0.003982279
국가를 당사자로 하는 계약에 관한 법률,산업안전보건법 시행령,0.003982279
개인정보 보호법,도로교통법,0.003982279
산업안전보건법 시행령,대기환경보전법 시행규칙,0.003982279
건설산업기본법 시행령,국가를 당사자로 하는 계약에 관한 법률 시행규칙,0.003982279
산업안전보건법 시행규칙,국가를 당사자로 하는 계약에 관한 법률 시행규칙,0.003982279
근로기준법,고용보험법,0.003982279
건설산업기본법,건축법 시행규칙,0.003982279
국가를 당사자로 하는 계약에 관한 법률,건설기술 진흥법 시행규칙,0.003982279
평생교육법,평생교육법 시행령,0.0039325
법인세법,조세특례제한법,0.0039325
산업안전보건법,유해화학물질 관리법,0.0039325
소방시설 설치ㆍ유지 및 안전관리에 관한 법률 시행령,소방기본법,0.0039325
산업재해보상보험법,산업재해보상보험법 시행령,0.0039325
건설산업기본법 시행령,산업안전보건법 시행령,0.0039325
국가를 당사자로 하는 계약에 관한 법률,산업안전보건법 시행규칙,0.0039325
민법,산업안전보건법,0.0039325
개인정보 보호법,민사소송법,0.0039325
국가를 당사자로 하는 계약에 관한 법률 시행규칙,민법,0.0039325
국가를 당사자로 하는 계약에 관한 법률,국유재산법,0.0039325
건설산업기본법 시행령,건축법,0.0039325
건축법,개인정보 보호법,0.0039325
대기환경보전법 시행규칙,폐기물관리법 시행규칙,0.003882722
청원경찰법,청원경찰법 시행규칙,0.003882722
근로기준법,지방세법,0.003882722
민법,지방세법,0.003882722
국가를 당사자로 하는 계약에 관한 법률,중소기업제품 구매촉진 및 판로지원에 관한 법률 시행령,0.003882722
개인정보 보호법,주택법,0.003882722
부가가치세법,조세특례제한법,0.003882722
신용정보의 이용 및 보호에 관한 법률,은행법,0.003882722
국가를 당사자로 하는 계약에 관한 법률 시행령,소방시설 설치ㆍ유지 및 안전관리에 관한 법률 시행령,0.003882722
국가를 당사자로 하는 계약에 관한 법률 시행령,상법,0.003882722
법인세법,상법,0.003882722
건설산업기본법 시행령,산업안전보건법 시행규칙,0.003882722
법인세법 시행령,법인세법,0.003882722
자본시장과 금융투자업에 관한 법률,민사소송법,0.003882722
건축법,민법,0.003882722
지방세법,민법,0.003882722
개인정보 보호법,근로자퇴직급여 보장법,0.003882722
건설기술 진흥법 시행규칙,국가를 당사자로 하는 계약에 관한 법률 시행규칙,0.003882722
근로기준법,공공기관의 정보공개에 관한 법률,0.003882722
고압가스 안전관리법,고압가스 안전관리법 시행규칙,0.003882722
건축법,건축물의 피난ㆍ방화구조 등의 기준에 관한 규칙,0.003882722
개인정보 보호법 시행규칙,개인정보 보호법 시행령,0.003882722
재난 및 안전관리 기본법,재난 및 안전관리 기본법 시행규칙,0.003832943
국가를 당사자로 하는 계약에 관한 법률 시행령,부가가치세법,0.003832943
법인세법,부가가치세법,0.003832943
자본시장과 금융투자업에 관한 법률,금융실명거래 및 비밀보장에 관한 법률,0.003832943
조세특례제한법,근로기준법,0.003832943
국세기본법,국세기본법 시행령,0.003832943
민법,국세기본법,0.003832943
건설산업기본법 시행령,국가를 당사자로 하는 계약에 관한 법률,0.003832943
공무원보수규정,공무원수당 등에 관한 규정,0.003832943
민법,공공기관의 운영에 관한 법률,0.003832943
상법,개인정보 보호법 시행령,0.003832943
국가를 당사자로 하는 계약에 관한 법률 시행령,자본시장과 금융투자업에 관한 법률,0.003783165
여신전문금융업법,자본시장과 금융투자업에 관한 법률,0.003783165
외국환거래법,자본시장과 금융투자업에 관한 법률,0.003783165
소프트웨어산업 진흥법,소프트웨어산업 진흥법 시행령,0.003783165
산업안전보건법 시행령,소방시설 설치ㆍ유지 및 안전관리에 관한 법률 시행령,0.003783165
산업안전보건법,소방시설 설치ㆍ유지 및 안전관리에 관한 법률 시행규칙,0.003783165
폐기물관리법 시행규칙,산업안전보건법 시행규칙,0.003783165
폐기물관리법,산업안전보건법,0.003783165
개인정보 보호법,민사집행법,0.003783165
상법,민사집행법,0.003783165
독점규제 및 공정거래에 관한 법률,민법,0.003783165
산업안전보건법,독점규제 및 공정거래에 관한 법률,0.003783165
공공기관의 정보공개에 관한 법률,근로기준법,0.003783165
국가를 당사자로 하는 계약에 관한 법률 시행령,국세기본법,0.003783165
건설기술 진흥법,국가를 당사자로 하는 계약에 관한 법률 시행규칙,0.003783165
건설기술 진흥법,국가를 당사자로 하는 계약에 관한 법률,0.003783165
건설기술 진흥법 시행규칙,국가를 당사자로 하는 계약에 관한 법률,0.003783165
산업안전보건법,건설산업기본법 시행령,0.003783165
민법,개인정보 보호법 시행령,0.003783165
상법,형사소송법,0.003733386
근로기준법,조세특례제한법,0.003733386
자원의 절약과 재활용촉진에 관한 법률,자원의 절약과 재활용촉진에 관한 법률 시행규칙,0.003733386
상법,은행법,0.003733386
산업안전보건법,위험물안전관리법 시행규칙,0.003733386
부가가치세법 시행령,부가가치세법 시행규칙,0.003733386
민법,부가가치세법,0.003733386
대외무역법,대외무역법 시행령,0.003733386
근로자직업능력 개발법,근로자직업능력 개발법 시행령,0.003733386
개인정보 보호법 시행령,근로기준법,0.003733386
근로자퇴직급여 보장법,근로기준법,0.003733386
독점규제 및 공정거래에 관한 법률,근로기준법,0.003733386
건축법,국토의 계획 및 이용에 관한 법률 시행령,0.003733386
국가를 당사자로 하는 계약에 관한 법률 시행령,국토의 계획 및 이용에 관한 법률,0.003733386
국유재산법,국유재산법 시행규칙,0.003733386
국가를 당사자로 하는 계약에 관한 법률 시행규칙,공공기관의 정보공개에 관한 법률,0.003733386
건설기술 진흥법 시행령,건축법 시행규칙,0.003733386
건축법 시행규칙,건축물의 피난ㆍ방화구조 등의 기준에 관한 규칙,0.003733386
산업안전보건법,건설기술 진흥법,0.003733386
은행법,전자금융거래법,0.003683608
법인세법,자본시장과 금융투자업에 관한 법률,0.003683608
에너지이용 합리화법,에너지이용 합리화법 시행령,0.003683608
소방시설 설치ㆍ유지 및 안전관리에 관한 법률 시행규칙,소방기본법,0.003683608
상법,소득세법 시행령,0.003683608
국가를 당사자로 하는 계약에 관한 법률 시행규칙,산업안전보건법 시행규칙,0.003683608
신용정보의 이용 및 보호에 관한 법률,보험업법,0.003683608
건설산업기본법 시행령,민법,0.003683608
개인정보 보호법,독점규제 및 공정거래에 관한 법률 시행령,0.003683608
녹색건축물 조성 지원법 시행령,녹색건축물 조성 지원법 시행규칙,0.003683608
기간제 및 단시간근로자 보호 등에 관한 법률,기간제 및 단시간근로자 보호 등에 관한 법률 시행령,0.003683608
국세징수법,국세징수법 시행령,0.003683608
국가를 당사자로 하는 계약에 관한 법률,공공기관의 정보공개에 관한 법률,0.003683608
고등교육법,고등교육법 시행령,0.003683608
산업안전보건법 시행규칙,건설기술 진흥법 시행령,0.003683608
보험업법 시행령,개인정보 보호법,0.003683608
환경정책기본법,환경정책기본법 시행령,0.003633829
측량ㆍ수로조사 및 지적에 관한 법률,측량ㆍ수로조사 및 지적에 관한 법률 시행규칙,0.003633829
지방세법,지방세법 시행령,0.003633829
여신전문금융업법,여신전문금융업법 시행규칙,0.003633829
산업안전보건법 시행규칙,소방시설 설치ㆍ유지 및 안전관리에 관한 법률 시행규칙,0.003633829
부가가치세법,소득세법,0.003633829
민법,산업안전보건법 시행령,0.003633829
민법,산업안전보건법 시행규칙,0.003633829
소방시설 설치ㆍ유지 및 안전관리에 관한 법률 시행령,산업안전보건법,0.003633829
근로복지기본법,근로복지기본법 시행령,0.003633829
공공기관의 운영에 관한 법률,근로기준법,0.003633829
건설기술 진흥법 시행령,국토의 계획 및 이용에 관한 법률,0.003633829
공공기관의 정보공개에 관한 법률,국가를 당사자로 하는 계약에 관한 법률 시행령,0.003633829
공익사업을 위한 토지 등의 취득 및 보상에 관한 법률,공익사업을 위한 토지 등의 취득 및 보상에 관한 법률 시행령,0.003633829
공익사업을 위한 토지 등의 취득 및 보상에 관한 법률,공익사업을 위한 토지 등의 취득 및 보상에 관한 법률 시행규칙,0.003633829
건설기술 진흥법 시행령,건설산업기본법 시행규칙,0.003633829
산업안전보건법 시행령,건설기술 진흥법 시행규칙,0.003633829
건축법,건설기술 진흥법,0.003633829
공공기관의 운영에 관한 법률,개인정보 보호법,0.003633829
도로교통법,개인정보 보호법,0.003633829
국가를 당사자로 하는 계약에 관한 법률 시행령,하도급거래 공정화에 관한 법률,0.003584051
자본시장과 금융투자업에 관한 법률,지방세법,0.003584051
국가를 당사자로 하는 계약에 관한 법률 시행규칙,중소기업제품 구매촉진 및 판로지원에 관한 법률,0.003584051
여신전문금융업법,전자금융거래법,0.003584051
자원의 절약과 재활용촉진에 관한 법률,자원의 절약과 재활용촉진에 관한 법률 시행령,0.003584051
산업안전보건법,유해화학물질 관리법 시행규칙,0.003584051
여신전문금융업법,신용정보의 이용 및 보호에 관한 법률,0.003584051
유해화학물질 관리법 시행규칙,산업안전보건법 시행규칙,0.003584051
폐기물관리법 시행규칙,산업안전보건법,0.003584051
공공기관의 정보공개에 관한 법률,민법,0.003584051
국토의 계획 및 이용에 관한 법률,민법,0.003584051
주택법 시행령,민법,0.003584051
주택임대차보호법,민법,0.003584051
국가를 당사자로 하는 계약에 관한 법률 시행규칙,공공기관의 운영에 관한 법률,0.003584051
전자금융거래법,개인정보 보호법,0.003584051
국가를 당사자로 하는 계약에 관한 법률 시행령,폐기물관리법 시행규칙,0.003534272
상법,채무자 회생 및 파산에 관한 법률,0.003534272
산업안전보건법,전기사업법,0.003534272
영유아보육법 시행령,영유아보육법 시행규칙,0.003534272
주택임대차보호법,상가건물 임대차보호법 시행령,0.003534272
산업재해보상보험법,산업재해보상보험법 시행규칙,0.003534272
상법,보험업법 시행령,0.003534272
산업안전보건법 시행령,민법,0.003534272
다중이용업소의 안전관리에 관한 특별법 시행령,다중이용업소의 안전관리에 관한 특별법 시행규칙,0.003534272
국가재정법,국가재정법 시행령,0.003534272
자본시장과 금융투자업에 관한 법률,국가를 당사자로 하는 계약에 관한 법률,0.003534272
고용보험 및 산업재해보상보험의 보험료징수 등에 관한 법률,고용보험 및 산업재해보상보험의 보험료징수 등에 관한 법률 시행령,0.003534272
산업안전보건법,고압가스 안전관리법,0.003534272
건축물의 피난ㆍ방화구조 등의 기준에 관한 규칙,건축물의 설비기준 등에 관한 규칙,0.003534272
국가를 당사자로 하는 계약에 관한 법률 시행규칙,건설산업기본법 시행령,0.003534272
건축법,건설산업기본법,0.003534272
은행법,개인정보 보호법,0.003534272
민사소송법,형법,0.003484494
산업안전보건법 시행령,폐기물관리법 시행규칙,0.003484494
산업안전보건법,지방세법,0.003484494
국가를 당사자로 하는 계약에 관한 법률 시행규칙,중소기업제품 구매촉진 및 판로지원에 관한 법률 시행령,0.003484494
신에너지 및 재생에너지 개발ㆍ이용ㆍ보급 촉진법,신에너지 및 재생에너지 개발ㆍ이용ㆍ보급 촉진법 시행령,0.003484494
상법,산업안전보건법 시행규칙,0.003484494
민법,부동산등기법,0.003484494
주택법,민법,0.003484494
농지법,농지법 시행령,0.003484494
근로기준법,기간제 및 단시간근로자 보호 등에 관한 법률,0.003484494
보험업법,근로기준법,0.003484494
산업안전보건법,공공기관의 운영에 관한 법률,0.003484494
개인정보 보호법,형사소송법,0.003434716
민법,주택법,0.003434716
근로기준법,정보통신망 이용촉진 및 정보보호 등에 관한 법률,0.003434716
금융실명거래 및 비밀보장에 관한 법률,자본시장과 금융투자업에 관한 법률,0.003434716
인지세법,인지세법 시행령,0.003434716
소방시설 설치ㆍ유지 및 안전관리에 관한 법률 시행규칙,소방기본법 시행령,0.003434716
법인세법 시행령,소득세법,0.003434716
조세특례제한법,소득세법,0.003434716
민사소송법,상법,0.003434716
외국환거래법,상법,0.003434716
채무자 회생 및 파산에 관한 법률,상법,0.003434716
형법,상법,0.003434716
근로기준법,산업안전보건기준에 관한 규칙,0.003434716
민사집행법,민법,0.003434716
도시개발법,도시개발법 시행령,0.003434716
국가를 당사자로 하는 계약에 관한 법률,국토의 계획 및 이용에 관한 법률,0.003434716
개인정보 보호법,국세기본법,0.003434716
국가를 당사자로 하는 계약에 관한 법률 시행령,국가재정법,0.003434716
산업안전보건법 시행령,국가를 당사자로 하는 계약에 관한 법률 시행령,0.003434716
국가를 당사자로 하는 계약에 관한 법률,건축법,0.003434716
산업안전보건법 시행령,건설기술 진흥법 시행령,0.003434716
산업안전보건법 시행규칙,건설기술 진흥법 시행규칙,0.003434716
자본시장과 금융투자업에 관한 법률,형법,0.003384937
산업안전보건법 시행규칙,하도급거래 공정화에 관한 법률,0.003384937
소득세법,지방세법,0.003384937
금융지주회사법,은행법,0.003384937
산업안전보건법 시행규칙,유해화학물질 관리법 시행규칙,0.003384937
산업안전보건법 시행규칙,위험물안전관리법 시행규칙,0.003384937
상법,여신전문금융업법,0.003384937
금융실명거래 및 비밀보장에 관한 법률,신용정보의 이용 및 보호에 관한 법률,0.003384937
소방시설 설치ㆍ유지 및 안전관리에 관한 법률,소방기본법,0.003384937
자본시장과 금융투자업에 관한 법률,소득세법 시행령,0.003384937
국세기본법,소득세법,0.003384937
개인정보 보호법 시행령,상법,0.003384937
산업안전보건법,산업재해보상보험법,0.003384937
국가를 당사자로 하는 계약에 관한 법률 시행규칙,산업안전보건법 시행령,0.003384937
소방시설 설치ㆍ유지 및 안전관리에 관한 법률 시행령,산업안전보건법 시행령,0.003384937
건설기술 진흥법,산업안전보건법,0.003384937
상법,부가가치세법,0.003384937
국가를 당사자로 하는 계약에 관한 법률,법인세법,0.003384937
공공기관의 운영에 관한 법률,민법,0.003384937
은행법,민법,0.003384937
도로교통법 시행규칙,도로교통법 시행령,0.003384937
녹색건축물 조성 지원법,녹색건축물 조성 지원법 시행령,0.003384937
남녀고용평등과 일ㆍ가정 양립 지원에 관한 법률,남녀고용평등과 일ㆍ가정 양립 지원에 관한 법률 시행령,0.003384937
금융지주회사법,금융지주회사법 시행령,0.003384937
민법,근로자퇴직급여 보장법,0.003384937
국가를 당사자로 하는 계약에 관한 법률 시행령,근로기준법 시행령,0.003384937
국유재산법 시행령,국유재산법 시행규칙,0.003384937
국가를 당사자로 하는 계약에 관한 법률 시행규칙,국유재산법,0.003384937
자본시장과 금융투자업에 관한 법률,국가를 당사자로 하는 계약에 관한 법률 시행령,0.003384937
국가기술자격법,국가기술자격법 시행령,0.003384937
관세법,관세법 시행령,0.003384937
공인중개사법 시행령,공인중개사법 시행규칙,0.003384937
국가를 당사자로 하는 계약에 관한 법률,공익사업을 위한 토지 등의 취득 및 보상에 관한 법률,0.003384937
소방시설 설치ㆍ유지 및 안전관리에 관한 법률 시행령,공공기관의 소방안전관리에 관한 규정,0.003384937
산업안전보건법 시행규칙,건설산업기본법 시행령,0.003384937
건설기술 진흥법 시행규칙,건설산업기본법 시행규칙,0.003384937
국가를 당사자로 하는 계약에 관한 법률 시행규칙,개인정보 보호법,0.003384937
산업안전보건법,폐기물관리법,0.003335159
상법,전자금융거래법,0.003335159
보험업법 시행령,자본시장과 금융투자업에 관한 법률,0.003335159
위험물안전관리법 시행규칙,위험물안전관리법 시행령,0.003335159
자본시장과 금융투자업에 관한 법률,신용정보의 이용 및 보호에 관한 법률 시행령,0.003335159
정보통신망 이용촉진 및 정보보호 등에 관한 법률,신용정보의 이용 및 보호에 관한 법률,0.003335159
소득세법 시행령,소득세법,0.003335159
독점규제 및 공정거래에 관한 법률 시행령,상법,0.003335159
소방시설 설치ㆍ유지 및 안전관리에 관한 법률 시행령,산업안전보건법 시행규칙,0.003335159
하도급거래 공정화에 관한 법률,산업안전보건법 시행규칙,0.003335159
건설기술 진흥법 시행규칙,산업안전보건법,0.003335159
채무자 회생 및 파산에 관한 법률,민법,0.003335159
도시 및 주거환경정비법 시행령,도시 및 주거환경정비법 시행규칙,0.003335159
개인정보 보호법,금융실명거래 및 비밀보장에 관한 법률,0.003335159
건설산업기본법 시행령,근로기준법,0.003335159
국가공무원법,국가공무원 복무규정,0.003335159
국가를 당사자로 하는 계약에 관한 법률 시행령,건축법 시행규칙,0.003335159
국토의 계획 및 이용에 관한 법률,건축법 시행규칙,0.003335159
산업안전보건법,건축법,0.003335159
건축기본법,건축기본법 시행령,0.003335159
상법,건설산업기본법,0.003335159
국가를 당사자로 하는 계약에 관한 법률,건설기술 진흥법,0.003335159
행정업무의 효율적 운영에 관한 규정,행정업무의 효율적 운영에 관한 규정 시행규칙,0.00328538
평생교육법,평생교육법 시행규칙,0.00328538
평생교육법 시행령,평생교육법 시행규칙,0.00328538
개인정보 보호법,채무자 회생 및 파산에 관한 법률,0.00328538
조세특례제한법,지방세법,0.00328538
국가를 당사자로 하는 계약에 관한 법률,조세특례제한법,0.00328538
장애인ㆍ노인ㆍ임산부 등의 편의증진보장에 관한 법률 시행령,장애인ㆍ노인ㆍ임산부 등의 편의증진보장에 관한 법률 시행규칙,0.00328538
유해화학물질 관리법 시행규칙,유해화학물질 관리법 시행령,0.00328538
상법,외국환거래법,0.00328538
에너지이용 합리화법,에너지이용 합리화법 시행규칙,0.00328538
건설기술 진흥법 시행규칙,산업안전보건법 시행규칙,0.00328538
국가를 당사자로 하는 계약에 관한 법률 시행령,산업안전보건기준에 관한 규칙,0.00328538
자본시장과 금융투자업에 관한 법률,법인세법 시행령,0.00328538
개인정보 보호법 시행령,민법,0.00328538
민법,도로교통법,0.00328538
공공기록물 관리에 관한 법률,공공기록물 관리에 관한 법률 시행령,0.00328538
공공기관의 운영에 관한 법률,공공기관의 정보공개에 관한 법률,0.00328538
근로기준법,공공기관의 운영에 관한 법률,0.00328538
산업안전보건법,고압가스 안전관리법 시행령,0.00328538
산업안전보건법,고압가스 안전관리법 시행규칙,0.00328538
건축법 시행규칙,건축물의 설비기준 등에 관한 규칙,0.00328538
건설기술 진흥법,건설산업기본법 시행규칙,0.00328538
근로기준법,개인정보 보호법 시행규칙,0.00328538
민사소송법,형사소송법,0.003235602
산업안전보건법,형법,0.003235602
산업안전보건법,폐기물관리법 시행령,0.003235602
측량ㆍ수로조사 및 지적에 관한 법률,측량ㆍ수로조사 및 지적에 관한 법률 시행령,0.003235602
조달사업에 관한 법률,조달사업에 관한 법률 시행령,0.003235602
개인정보 보호법 시행령,정보통신망 이용촉진 및 정보보호 등에 관한 법률,0.003235602
임대주택법,임대주택법 시행규칙,0.003235602
공공기관의 소방안전관리에 관한 규정,소방시설 설치ㆍ유지 및 안전관리에 관한 법률 시행규칙,0.003235602
공공기관의 운영에 관한 법률,소득세법,0.003235602
국가를 당사자로 하는 계약에 관한 법률 시행규칙,소득세법,0.003235602
전자금융거래법,상법,0.003235602
산지관리법 시행령,산지관리법 시행규칙,0.003235602
형법,도로교통법,0.003235602
상법,근로자퇴직급여 보장법,0.003235602
근로자직업능력 개발법,근로자직업능력 개발법 시행규칙,0.003235602
건설기술 진흥법 시행령,근로기준법,0.003235602
건설기술 진흥법 시행규칙,국토의 계획 및 이용에 관한 법률,0.003235602
국가공무원 복무규정,국가공무원법,0.003235602
국가를 당사자로 하는 계약에 관한 법률 시행령,공무원 여비 규정,0.003235602
개인정보 보호법,건축법,0.003235602
건설기술 진흥법,건축법,0.003235602
가맹사업거래의 공정화에 관한 법률,가맹사업거래의 공정화에 관한 법률 시행령,0.003235602
국가를 당사자로 하는 계약에 관한 법률,형법,0.003185823
토양환경보전법,토양환경보전법 시행규칙,0.003185823
장애인복지법,장애인복지법 시행령,0.003185823
자본시장과 금융투자업에 관한 법률 시행령,자본시장과 금융투자업에 관한 법률 시행규칙,0.003185823
금융지주회사법,자본시장과 금융투자업에 관한 법률,0.003185823
국민건강보험법,의료법,0.003185823
보험업법 시행령,신용정보의 이용 및 보호에 관한 법률,0.003185823
소득세법,신용정보의 이용 및 보호에 관한 법률,0.003185823
산업안전보건법,소방시설 설치ㆍ유지 및 안전관리에 관한 법률,0.003185823
여신전문금융업법,상법,0.003185823
유해화학물질 관리법 시행규칙,산업안전보건법,0.003185823
자본시장과 금융투자업에 관한 법률,보험업법 시행령,0.003185823
조세특례제한법,민법,0.003185823
건축법,건축법 시행령,0.003185823
개인정보 보호법,건설산업기본법 시행령,0.003185823
국가를 당사자로 하는 계약에 관한 법률 시행령,개인정보 보호법 시행령,0.003185823
법인세법,개인정보 보호법,0.003185823
신용정보의 이용 및 보호에 관한 법률 시행령,개인정보 보호법,0.003185823
대기환경보전법 시행규칙,폐기물관리법 시행령,0.003136045
지방세법 시행령,지방세법 시행규칙,0.003136045
자본시장과 금융투자업에 관한 법률,정보통신망 이용촉진 및 정보보호 등에 관한 법률,0.003136045
산업안전보건법,수질 및 수생태계 보전에 관한 법률 시행규칙,0.003136045
소방시설 설치ㆍ유지 및 안전관리에 관한 법률 시행령,소방기본법 시행규칙,0.003136045
보험업법,소득세법,0.003136045
상법,상속세 및 증여세법,0.003136045
산업안전보건법 시행규칙,상법,0.003136045
상법,산업안전보건법,0.003136045
국세기본법,부가가치세법,0.003136045
근로기준법,부가가치세법,0.003136045
개인정보 보호법,법인세법 시행령,0.003136045
국민건강보험법,민법,0.003136045
정보통신망 이용촉진 및 정보보호 등에 관한 법률,민법,0.003136045
폐기물관리법 시행규칙,대기환경보전법 시행규칙,0.003136045
농지법 시행령,농지법 시행규칙,0.003136045
상법,금융지주회사법,0.003136045
법인세법,근로기준법,0.003136045
신용정보의 이용 및 보호에 관한 법률,근로기준법,0.003136045
건설기술 진흥법,국토의 계획 및 이용에 관한 법률,0.003136045
국세기본법,국세징수법,0.003136045
소방시설 설치ㆍ유지 및 안전관리에 관한 법률 시행규칙,공공기관의 소방안전관리에 관한 규정,0.003136045
건설기술 진흥법 시행규칙,건축법,0.003136045
국가를 당사자로 하는 계약에 관한 법률 시행규칙,건설기술 진흥법 시행령,0.003136045
건축법,건설기술 진흥법 시행규칙,0.003136045
형사소송법,개인정보 보호법,0.003136045
국가를 당사자로 하는 계약에 관한 법률 시행령,환경영향평가법,0.003086266
대기환경보전법 시행규칙,폐기물관리법,0.003086266
폐기물관리법 시행규칙,폐기물관리법,0.003086266
국가를 당사자로 하는 계약에 관한 법률 시행령,채무자 회생 및 파산에 관한 법률,0.003086266
국가를 당사자로 하는 계약에 관한 법률 시행령,주택법 시행령,0.003086266
보험업법,전자금융거래법,0.003086266
장애인ㆍ노인ㆍ임산부등의편의증진보장에관한법률,장애인ㆍ노인ㆍ임산부 등의 편의증진보장에 관한 법률 시행령,0.003086266
자본시장과 금융투자업에 관한 법률,은행법 시행령,0.003086266
소프트웨어산업 진흥법,소프트웨어산업 진흥법 시행규칙,0.003086266
국가를 당사자로 하는 계약에 관한 법률 시행령,소방시설 설치ㆍ유지 및 안전관리에 관한 법률 시행규칙,0.003086266
산업입지 및 개발에 관한 법률,산업입지 및 개발에 관한 법률 시행령,0.003086266
수질 및 수생태계 보전에 관한 법률 시행규칙,산업안전보건법 시행규칙,0.003086266
수질 및 수생태계 보전에 관한 법률,산업안전보건법,0.003086266
개인정보 보호법,보험업법 시행령,0.003086266
소득세법,법인세법 시행령,0.003086266
도로교통법,민법,0.003086266
국가를 당사자로 하는 계약에 관한 법률 시행령,대기환경보전법 시행규칙,0.003086266
고용보험법,근로기준법 시행령,0.003086266
민법,근로기준법 시행령,0.003086266
산업안전보건법,근로기준법 시행령,0.003086266
개인정보 보호법,관공서의 공휴일에 관한 규정,0.003086266
공무원연금법,공무원연금법 시행령,0.003086266
고압가스 안전관리법 시행령,고압가스 안전관리법 시행규칙,0.003086266
산업안전보건법 시행규칙,고압가스 안전관리법,0.003086266
건설기술 진흥법 시행규칙,건축법 시행규칙,0.003086266
건설기술 진흥법 시행령,건축법,0.003086266
소방시설 설치ㆍ유지 및 안전관리에 관한 법률 시행령,건설산업기본법,0.003086266
국가를 당사자로 하는 계약에 관한 법률 시행규칙,건설기술 진흥법 시행규칙,0.003086266
신용정보의 이용 및 보호에 관한 법률,개인정보 보호법 시행령,0.003086266
수질 및 수생태계 보전에 관한 법률 시행규칙,폐기물관리법 시행규칙,0.003036488
국가를 당사자로 하는 계약에 관한 법률,지방세법,0.003036488
건설산업기본법,주택법 시행령,0.003036488
주택법 시행규칙,주택법 시행령,0.003036488
건축법,주택법 시행규칙,0.003036488
건축법 시행규칙,주택법,0.003036488
재난 및 안전관리 기본법 시행령,재난 및 안전관리 기본법 시행규칙,0.003036488
자원의 절약과 재활용촉진에 관한 법률 시행령,자원의 절약과 재활용촉진에 관한 법률 시행규칙,0.003036488
정보통신망 이용촉진 및 정보보호 등에 관한 법률,자본시장과 금융투자업에 관한 법률,0.003036488
개인정보 보호법,외국환거래법,0.003036488
엔지니어링산업 진흥법,엔지니어링산업 진흥법 시행령,0.003036488
신에너지 및 재생에너지 개발ㆍ이용ㆍ보급 촉진법,신에너지 및 재생에너지 개발ㆍ이용ㆍ보급 촉진법 시행규칙,0.003036488
소방기본법,소방시설 설치ㆍ유지 및 안전관리에 관한 법률 시행령,0.003036488
소방시설 설치ㆍ유지 및 안전관리에 관한 법률 시행규칙,소방기본법 시행규칙,0.003036488
산업안전보건법,소득세법,0.003036488
대기환경보전법 시행규칙,산업안전보건법 시행령,0.003036488
독점규제 및 공정거래에 관한 법률,산업안전보건법,0.003036488
국가를 당사자로 하는 계약에 관한 법률,부가가치세법,0.003036488
근로기준법,민사소송법,0.003036488
건설기술 진흥법 시행령,민법,0.003036488
법인세법,민법,0.003036488
하도급거래 공정화에 관한 법률,민법,0.003036488
도시가스사업법,도시가스사업법 시행령,0.003036488
국가를 당사자로 하는 계약에 관한 법률 시행령,근로자퇴직급여 보장법,0.003036488
산업안전보건법 시행규칙,근로기준법 시행령,0.003036488
소득세법,근로기준법 시행령,0.003036488
민법,국민건강보험법,0.003036488
의료법,국민건강보험법,0.003036488
개인정보 보호법,공무원보수규정,0.003036488
건축기본법,건축법,0.003036488
소방시설 설치ㆍ유지 및 안전관리에 관한 법률 시행령,건축물의 피난ㆍ방화구조 등의 기준에 관한 규칙,0.003036488
자본시장과 금융투자업에 관한 법률 시행령,개인정보 보호법,0.003036488
하수도법,하수도법 시행규칙,0.002986709
근로기준법,하도급거래 공정화에 관한 법률,0.002986709
철도안전법,철도안전법 시행규칙,0.002986709
국가를 당사자로 하는 계약에 관한 법률 시행령,중소기업기본법 시행령,0.002986709
국가를 당사자로 하는 계약에 관한 법률 시행령,중소기업기본법,0.002986709
상법,주택법,0.002986709
주택공급에 관한 규칙,주택법,0.002986709
상법,주식회사의 외부감사에 관한 법률,0.002986709
국세기본법,조세특례제한법,0.002986709
민법,은행법,0.002986709
보험업법,은행법,0.002986709
소방시설 설치ㆍ유지 및 안전관리에 관한 법률 시행령,위험물안전관리법,0.002986709
보험업법,신용정보의 이용 및 보호에 관한 법률 시행령,0.002986709
조세특례제한법,신용정보의 이용 및 보호에 관한 법률,0.002986709
국가를 당사자로 하는 계약에 관한 법률 시행령,수질 및 수생태계 보전에 관한 법률 시행규칙,0.002986709
폐기물관리법 시행규칙,수질 및 수생태계 보전에 관한 법률 시행규칙,0.002986709
수질 및 수생태계 보전에 관한 법률 시행규칙,수질 및 수생태계 보전에 관한 법률,0.002986709
국가를 당사자로 하는 계약에 관한 법률 시행령,소프트웨어산업 진흥법,0.002986709
소방기본법,소방시설 설치ㆍ유지 및 안전관리에 관한 법률,0.002986709
산업안전보건법,소방기본법,0.002986709
개인정보 보호법 시행령,소득세법,0.002986709
독점규제 및 공정거래에 관한 법률,소득세법,0.002986709
상속세 및 증여세법,소득세법,0.002986709
민사집행법,상법,0.002986709
산업안전보건법 시행령,상법,0.002986709
산지관리법,산지관리법 시행령,0.002986709
근로기준법,산업재해보상보험법,0.002986709
건설산업기본법,산업안전보건기준에 관한 규칙,0.002986709
국가를 당사자로 하는 계약에 관한 법률 시행규칙,부가가치세법,0.002986709
건축법 시행규칙,민법,0.002986709
공익사업을 위한 토지 등의 취득 및 보상에 관한 법률,민법,0.002986709
자본시장과 금융투자업에 관한 법률,독점규제 및 공정거래에 관한 법률 시행령,0.002986709
근로기준법,도로교통법,0.002986709
대기환경보전법 시행규칙,대기환경보전법,0.002986709
소방시설 설치ㆍ유지 및 안전관리에 관한 법률 시행령,다중이용업소의 안전관리에 관한 특별법 시행령,0.002986709
근로기준법,근로자참여 및 협력증진에 관한 법률,0.002986709
건축법,근로기준법,0.002986709
건설산업기본법,국토의 계획 및 이용에 관한 법률,0.002986709
국가를 당사자로 하는 계약에 관한 법률,국가재정법,0.002986709
공공기관의 정보공개에 관한 법률,국가를 당사자로 하는 계약에 관한 법률,0.002986709
공공기록물 관리에 관한 법률,공공기록물 관리에 관한 법률 시행규칙,0.002986709
소방시설 설치ㆍ유지 및 안전관리에 관한 법률 시행령,건축법 시행규칙,0.002986709
민법,건축법,0.002986709
주택건설기준 등에 관한 규정,건축법,0.002986709
산업안전보건법 시행규칙,건설기술 진흥법,0.002986709
정보통신망 이용촉진 및 정보보호 등에 관한 법률,개인정보 보호법 시행령,0.002986709
여신전문금융업법,개인정보 보호법,0.002986709
조세특례제한법,개인정보 보호법,0.002986709
채무자 회생 및 파산에 관한 법률,개인정보 보호법,0.002986709
하수도법,하수도법 시행령,0.002936931
개인정보 보호법,폐기물관리법 시행규칙,0.002936931
산업안전보건법 시행규칙,지방세법,0.002936931
중소기업제품 구매촉진 및 판로지원에 관한 법률 시행령,중소기업제품 구매촉진 및 판로지원에 관한 법률 시행규칙,0.002936931
국토의 계획 및 이용에 관한 법률,주택법 시행령,0.002936931
건설산업기본법,주택법,0.002936931
국가를 당사자로 하는 계약에 관한 법률 시행령,주택법,0.002936931
개인정보 보호법,자본시장과 금융투자업에 관한 법률 시행령,0.002936931
국가를 당사자로 하는 계약에 관한 법률,자본시장과 금융투자업에 관한 법률,0.002936931
산업안전보건법,유해화학물질 관리법 시행령,0.002936931
건설산업기본법,시설물의 안전관리에 관한 특별법,0.002936931
소방기본법 시행령,소방시설 설치ㆍ유지 및 안전관리에 관한 법률 시행령,0.002936931
민법,소득세법 시행령,0.002936931
보험업법,소득세법 시행령,0.002936931
국가를 당사자로 하는 계약에 관한 법률,상법,0.002936931
민법,산업재해보상보험법,0.002936931
하도급거래 공정화에 관한 법률,산업안전보건법,0.002936931
공공기관의 정보공개에 관한 법률,민원사무 처리에 관한 법률,0.002936931
보험업법 시행령,민법,0.002936931
건설산업기본법,독점규제 및 공정거래에 관한 법률,0.002936931
도시가스사업법,도시가스사업법 시행규칙,0.002936931
산업안전보건기준에 관한 규칙,대기환경보전법 시행규칙,0.002936931
산업안전보건법,대기환경보전법,0.002936931
소방시설 설치ㆍ유지 및 안전관리에 관한 법률 시행령,다중이용업소의 안전관리에 관한 특별법 시행규칙,0.002936931
관공서의 공휴일에 관한 규정,근로기준법,0.002936931
근로기준법 시행규칙,근로기준법,0.002936931
건설산업기본법 시행령,국토의 계획 및 이용에 관한 법률,0.002936931
국토의 계획 및 이용에 관한 법률 시행령,국토의 계획 및 이용에 관한 법률,0.002936931
공공기관의 운영에 관한 법률,국유재산법,0.002936931
국세기본법,국세기본법 시행규칙,0.002936931
개인정보 보호법,국민건강보험법,0.002936931
건축법,국가를 당사자로 하는 계약에 관한 법률 시행령,0.002936931
공익사업을 위한 토지 등의 취득 및 보상에 관한 법률 시행령,공익사업을 위한 토지 등의 취득 및 보상에 관한 법률 시행규칙,0.002936931
산업안전보건기준에 관한 규칙,건설산업기본법,0.002936931
주택법,건설산업기본법,0.002936931
건설산업기본법 시행규칙,건설기술 진흥법 시행령,0.002936931
건설산업기본법 시행규칙,건설기술 진흥법 시행규칙,0.002936931
개인정보 보호법,폐기물관리법,0.002887152
파견근로자보호 등에 관한 법률,파견근로자보호 등에 관한 법률 시행령,0.002887152
국가를 당사자로 하는 계약에 관한 법률,채무자 회생 및 파산에 관한 법률,0.002887152
지방공무원법,지방공무원 임용령,0.002887152
중소기업제품 구매촉진 및 판로지원에 관한 법률,중소기업제품 구매촉진 및 판로지원에 관한 법률 시행규칙,0.002887152
개인정보 보호법,주택임대차보호법,0.002887152
주택법,임대주택법,0.002887152
원자력안전법,원자력안전법 시행규칙,0.002887152
신용정보의 이용 및 보호에 관한 법률 시행령,신용정보의 이용 및 보호에 관한 법률,0.002887152
시설물의 안전관리에 관한 특별법 시행령,시설물의 안전관리에 관한 특별법 시행규칙,0.002887152
산업안전보건기준에 관한 규칙,소방시설 설치ㆍ유지 및 안전관리에 관한 법률 시행령,0.002887152
근로기준법,소득세법 시행령,0.002887152
지방세법,상법,0.002887152
건설기술 진흥법 시행규칙,산업안전보건법 시행령,0.002887152
사립학교법,사립학교법 시행령,0.002887152
공공기관의 운영에 관한 법률,법인세법,0.002887152
조세특례제한법,법인세법,0.002887152
근로복지기본법,근로복지기본법 시행규칙,0.002887152
하도급거래 공정화에 관한 법률,근로기준법,0.002887152
자본시장과 금융투자업에 관한 법률,국가를 당사자로 하는 계약에 관한 법률 시행규칙,0.002887152
국가기술자격법,국가기술자격법 시행규칙,0.002887152
국가를 당사자로 하는 계약에 관한 법률 시행령,국가공무원법,0.002887152
산업안전보건법 시행규칙,고압가스 안전관리법 시행규칙,0.002887152
국토의 계획 및 이용에 관한 법률 시행령,건축법,0.002887152
산업안전보건법 시행령,건축법,0.002887152
건축물의 설비기준 등에 관한 규칙,건축물의 피난ㆍ방화구조 등의 기준에 관한 규칙,0.002887152
국가를 당사자로 하는 계약에 관한 법률 시행령,건설산업기본법 시행규칙,0.002887152
소방시설 설치ㆍ유지 및 안전관리에 관한 법률 시행령,개인정보 보호법,0.002887152
토양환경보전법,토양환경보전법 시행령,0.002837374
토양환경보전법 시행령,토양환경보전법 시행규칙,0.002837374
철도안전법,철도안전법 시행령,0.002837374
신용정보의 이용 및 보호에 관한 법률,채무자 회생 및 파산에 관한 법률,0.002837374
국가를 당사자로 하는 계약에 관한 법률,중소기업기본법,0.002837374
개인정보 보호법,주택법 시행령,0.002837374
주택법,주택건설기준 등에 관한 규정,0.002837374
개인정보 보호법,정보통신망 이용촉진 및 정보보호 등에 관한 법률 시행령,0.002837374
정보통신망 이용촉진 및 정보보호 등에 관한 법률 시행령,정보통신망 이용촉진 및 정보보호 등에 관한 법률 시행규칙,0.002837374
금융실명거래 및 비밀보장에 관한 법률,전자금융거래법,0.002837374
건설산업기본법,전기사업법,0.002837374
산업안전보건법 시행령,유해화학물질 관리법 시행규칙,0.002837374
유아교육법,유아교육법 시행규칙,0.002837374
소방시설 설치ㆍ유지 및 안전관리에 관한 법률 시행규칙,위험물안전관리법,0.002837374
상호저축은행법,여신전문금융업법,0.002837374
근로기준법,소방시설 설치ㆍ유지 및 안전관리에 관한 법률 시행령,0.002837374
위험물안전관리법 시행규칙,소방시설 설치ㆍ유지 및 안전관리에 관한 법률 시행령,0.002837374
산업안전보건법 시행령,소방시설 설치ㆍ유지 및 안전관리에 관한 법률 시행규칙,0.002837374
지방세법,소득세법,0.002837374
주식회사의 외부감사에 관한 법률,상법,0.002837374
대기환경보전법 시행규칙,산업안전보건기준에 관한 규칙,0.002837374
산업안전보건법,부가가치세법,0.002837374
보조금 관리에 관한 법률,보조금 관리에 관한 법률 시행령,0.002837374
근로기준법,법인세법 시행령,0.002837374
민사소송법,민사집행법,0.002837374
자본시장과 금융투자업에 관한 법률,민사집행법,0.002837374
형법,민사소송법,0.002837374
의료법,민법,0.002837374
자본시장과 금융투자업에 관한 법률 시행령,민법,0.002837374
보험업법,독점규제 및 공정거래에 관한 법률,0.002837374
도로교통법 시행규칙,도로교통법,0.002837374
녹색건축물 조성 지원법,녹색건축물 조성 지원법 시행규칙,0.002837374
노동조합 및 노동관계조정법,노동조합 및 노동관계조정법 시행령,0.002837374
자본시장과 금융투자업에 관한 법률,금융지주회사법 시행령,0.002837374
근로기준법,근로자퇴직급여 보장법 시행령,0.002837374
국가를 당사자로 하는 계약에 관한 법률,근로기준법 시행령,0.002837374
개인정보 보호법,근로기준법 시행규칙,0.002837374
지방세법,근로기준법,0.002837374
건축법 시행규칙,국가를 당사자로 하는 계약에 관한 법률 시행령,0.002837374
국유재산법,국가를 당사자로 하는 계약에 관한 법률,0.002837374
건설산업기본법,공공기관의 운영에 관한 법률,0.002837374
건축물의 피난ㆍ방화구조 등의 기준에 관한 규칙,건축법 시행규칙,0.002837374
건설산업기본법 시행규칙,건설산업기본법,0.002837374
산업안전보건법,개인정보 보호법 시행령,0.002837374
상법,하도급거래 공정화에 관한 법률,0.002787595
산업안전보건법 시행규칙,폐기물관리법 시행령,0.002787595
공공기관의 운영에 관한 법률,중소기업제품 구매촉진 및 판로지원에 관한 법률,0.002787595
건축법,주택건설기준 등에 관한 규정,0.002787595
산업안전보건법,조세특례제한법,0.002787595
산업안전보건법 시행령,위험물안전관리법 시행규칙,0.002787595
위험물안전관리법 시행규칙,위험물안전관리법,0.002787595
보험업법,여신전문금융업법,0.002787595
엔지니어링산업 진흥법,엔지니어링산업 진흥법 시행규칙,0.002787595
소비자기본법,소비자기본법 시행령,0.002787595
소방시설 설치ㆍ유지 및 안전관리에 관한 법률,소방시설공사업법 시행령,0.002787595
소방시설공사업법,소방시설 설치ㆍ유지 및 안전관리에 관한 법률,0.002787595
법인세법 시행령,상법,0.002787595
폐기물관리법 시행규칙,산업안전보건법 시행령,0.002787595
하도급거래 공정화에 관한 법률,산업안전보건법 시행령,0.002787595
수질 및 수생태계 보전에 관한 법률 시행규칙,산업안전보건법,0.002787595
지방세법,산업안전보건법,0.002787595
소득세법,부가가치세법,0.002787595
건설기술 진흥법 시행규칙,민법,0.002787595
근로기준법,독점규제 및 공정거래에 관한 법률 시행령,0.002787595
하도급거래 공정화에 관한 법률,독점규제 및 공정거래에 관한 법률,0.002787595
대기환경보전법 시행령,대기환경보전법,0.002787595
공공기관의 정보공개에 관한 법률,근로기준법 시행령,0.002787595
산업재해보상보험법,근로기준법,0.002787595
국세징수법,국세징수법 시행규칙,0.002787595
국가를 당사자로 하는 계약에 관한 법률,국세기본법,0.002787595
근로기준법,국민건강보험법,0.002787595
지방세법,국가를 당사자로 하는 계약에 관한 법률 시행령,0.002787595
형법,국가를 당사자로 하는 계약에 관한 법률 시행령,0.002787595
산업안전보건법 시행령,국가를 당사자로 하는 계약에 관한 법률 시행규칙,0.002787595
국가를 당사자로 하는 계약에 관한 법률 시행령,국가공무원 복무규정,0.002787595
고용보험 및 산업재해보상보험의 보험료징수 등에 관한 법률,고용보험 및 산업재해보상보험의 보험료징수 등에 관한 법률 시행규칙,0.002787595
근로기준법,건축법,0.002787595
근로기준법,건설기술 진흥법 시행령,0.002787595
건설산업기본법 시행령,개인정보 보호법,0.002787595
근로기준법 시행령,개인정보 보호법,0.002787595
지방세법,개인정보 보호법,0.002787595
자본시장과 금융투자업에 관한 법률,형사소송법,0.002737817
국가를 당사자로 하는 계약에 관한 법률,하도급거래 공정화에 관한 법률,0.002737817
산업안전보건법 시행령,폐기물관리법 시행령,0.002737817
대기환경보전법,토양환경보전법,0.002737817
체육시설의 설치ㆍ이용에 관한 법률 시행령,체육시설의 설치ㆍ이용에 관한 법률 시행규칙,0.002737817
경비업법 시행령,청원경찰법,0.002737817
국가를 당사자로 하는 계약에 관한 법률,지방자치단체를 당사자로 하는 계약에 관한 법률,0.002737817
법인세법,지방세법,0.002737817
중소기업제품 구매촉진 및 판로지원에 관한 법률 시행령,중소기업제품 구매촉진 및 판로지원에 관한 법률,0.002737817
근로기준법,중소기업기본법 시행령,0.002737817
자본시장과 금융투자업에 관한 법률,주택법,0.002737817
외국환거래법,조세특례제한법,0.002737817
형법,정보통신망 이용촉진 및 정보보호 등에 관한 법률,0.002737817
금융지주회사법,전자금융거래법,0.002737817
자동차손해배상 보장법,자동차손해배상 보장법 시행령,0.002737817
의료법 시행령,의료법 시행규칙,0.002737817
여신전문금융업법,은행법,0.002737817
조세특례제한법,은행법,0.002737817
민법,여신전문금융업법,0.002737817
산업안전보건법,시설물의 안전관리에 관한 특별법,0.002737817
대기환경보전법 시행규칙,소음ㆍ진동관리법 시행규칙,0.002737817
건설기술 진흥법 시행령,소방시설 설치ㆍ유지 및 안전관리에 관한 법률 시행령,0.002737817
국가를 당사자로 하는 계약에 관한 법률,소방시설 설치ㆍ유지 및 안전관리에 관한 법률 시행령,0.002737817
독점규제 및 공정거래에 관한 법률,산업안전보건법 시행규칙,0.002737817
대기환경보전법,산업안전보건법,0.002737817
위험물안전관리법 시행규칙,산업안전보건법,0.002737817
유해화학물질 관리법,산업안전보건법,0.002737817
개인정보 보호법,산업안전보건기준에 관한 규칙,0.002737817
은행법,보험업법,0.002737817
전자금융거래법,민법,0.002737817
도시개발법 시행령,도시개발법 시행규칙,0.002737817
소방시설 설치ㆍ유지 및 안전관리에 관한 법률 시행규칙,다중이용업소의 안전관리에 관한 특별법 시행규칙,0.002737817
노인장기요양보험법,노인장기요양보험법 시행령,0.002737817
개인정보 보호법,금융지주회사법,0.002737817
은행법,금융지주회사법,0.002737817
자본시장과 금융투자업에 관한 법률,금융산업의 구조개선에 관한 법률,0.002737817
정보통신망 이용촉진 및 정보보호 등에 관한 법률,근로기준법,0.002737817
개인정보 보호법,국토의 계획 및 이용에 관한 법률,0.002737817
국토의 계획 및 이용에 관한 법률,국가를 당사자로 하는 계약에 관한 법률 시행령,0.002737817
대기환경보전법 시행규칙,국가를 당사자로 하는 계약에 관한 법률 시행령,0.002737817
소방시설 설치ㆍ유지 및 안전관리에 관한 법률 시행령,국가를 당사자로 하는 계약에 관한 법률 시행령,0.002737817
산업안전보건법 시행령,국가를 당사자로 하는 계약에 관한 법률,0.002737817
지방세법,국가를 당사자로 하는 계약에 관한 법률,0.002737817
산업안전보건법 시행규칙,고압가스 안전관리법 시행령,0.002737817
민법,건축법 시행규칙,0.002737817
건축법,건설산업기본법 시행령,0.002737817
폐기물관리법,건설산업기본법,0.002737817
개인정보 보호법,건설기술 진흥법 시행령,0.002737817
국토의 계획 및 이용에 관한 법률,건설기술 진흥법 시행령,0.002737817
자본시장과 금융투자업에 관한 법률,개인정보 보호법 시행령,0.002737817
민사소송법,개인정보 보호법,0.002737817
국가를 당사자로 하는 계약에 관한 법률 시행령,환경영향평가법 시행령,0.002688038
정보통신망 이용촉진 및 정보보호 등에 관한 법률,형법,0.002688038
건설산업기본법,폐기물관리법 시행규칙,0.002688038
수질 및 수생태계 보전에 관한 법률,폐기물관리법,0.002688038
경비업법,청원경찰법,0.002688038
국가를 당사자로 하는 계약에 관한 법률 시행령,지방자치단체를 당사자로 하는 계약에 관한 법률 시행령,0.002688038
지방자치단체를 당사자로 하는 계약에 관한 법률 시행령,지방자치단체를 당사자로 하는 계약에 관한 법률,0.002688038
주택건설기준 등에 관한 규정,주택법 시행령,0.002688038
건설기술 진흥법,주택법,0.002688038
주택법 시행령,주택건설기준 등에 관한 규정,0.002688038
건축법,주차장법 시행령,0.002688038
국세징수법,조세특례제한법,0.002688038
신용정보의 이용 및 보호에 관한 법률,정보통신망 이용촉진 및 정보보호 등에 관한 법률,0.002688038
중소기업기본법 시행령,자본시장과 금융투자업에 관한 법률,0.002688038
소방기본법,위험물안전관리법 시행규칙,0.002688038
금융지주회사법,여신전문금융업법,0.002688038
개인정보 보호법 시행령,신용정보의 이용 및 보호에 관한 법률,0.002688038
자본시장과 금융투자업에 관한 법률 시행령,신용정보의 이용 및 보호에 관한 법률,0.002688038
대기환경보전법,수질 및 수생태계 보전에 관한 법률,0.002688038
산업안전보건법,수질 및 수생태계 보전에 관한 법률,0.002688038
수도법,수도법 시행규칙,0.002688038
건설산업기본법,소방시설 설치ㆍ유지 및 안전관리에 관한 법률 시행령,0.002688038
법인세법,상속세 및 증여세법,0.002688038
신용정보의 이용 및 보호에 관한 법률 시행령,상법,0.002688038
위험물안전관리법 시행규칙,산업안전보건법 시행규칙,0.002688038
폐기물관리법,산업안전보건법 시행규칙,0.002688038
근로기준법 시행령,산업안전보건법,0.002688038
법인세법,부가가치세법 시행령,0.002688038
상가건물 임대차보호법,민법,0.002688038
산업안전보건법,도로교통법,0.002688038
소방시설 설치ㆍ유지 및 안전관리에 관한 법률 시행규칙,다중이용업소의 안전관리에 관한 특별법 시행령,0.002688038
자본시장과 금융투자업에 관한 법률,금융위원회의 설치 등에 관한 법률,0.002688038
신용정보의 이용 및 보호에 관한 법률,금융실명거래 및 비밀보장에 관한 법률,0.002688038
상법,근로기준법 시행령,0.002688038
건설기술 진흥법 시행규칙,근로기준법,0.002688038
민법,국토의 계획 및 이용에 관한 법률,0.002688038
민법,국유재산법,0.002688038
상법,국세기본법,0.002688038
개인정보 보호법 시행령,국가를 당사자로 하는 계약에 관한 법률 시행령,0.002688038
중소기업제품 구매촉진 및 판로지원에 관한 법률,국가를 당사자로 하는 계약에 관한 법률 시행령,0.002688038
근로기준법,국가공무원법,0.002688038
소득세법,공공기관의 정보공개에 관한 법률,0.002688038
고용보험법 시행규칙,고용보험법 시행령,0.002688038
근로기준법,고용보험법 시행령,0.002688038
건설산업기본법 시행규칙,건설기술 진흥법,0.002688038
관공서의 공휴일에 관한 규정,개인정보 보호법,0.002688038
소득세법 시행령,개인정보 보호법,0.002688038
국가를 당사자로 하는 계약에 관한 법률 시행규칙,폐기물관리법 시행규칙,0.00263826
경비업법 시행령,청원경찰법 시행령,0.00263826
건설산업기본법,지방세법,0.00263826
건설산업기본법,조세특례제한법,0.00263826
국가를 당사자로 하는 계약에 관한 법률 시행규칙,조세특례제한법,0.00263826
공공기관의 운영에 관한 법률,자본시장과 금융투자업에 관한 법률,0.00263826
자동차관리법,자동차관리법 시행령,0.00263826
대기환경보전법 시행규칙,유해화학물질 관리법 시행규칙,0.00263826
유아교육법,유아교육법 시행령,0.00263826
전자금융거래법,신용정보의 이용 및 보호에 관한 법률,0.00263826
시설물의 안전관리에 관한 특별법,시설물의 안전관리에 관한 특별법 시행규칙,0.00263826
산업안전보건법 시행규칙,수질 및 수생태계 보전에 관한 법률 시행규칙,0.00263826
개인정보 보호법,소방시설 설치ㆍ유지 및 안전관리에 관한 법률 시행령,0.00263826
국가를 당사자로 하는 계약에 관한 법률 시행령,소득세법 시행령,0.00263826
정보통신망 이용촉진 및 정보보호 등에 관한 법률,상법,0.00263826
산업집적활성화 및 공장설립에 관한 법률,산업집적활성화 및 공장설립에 관한 법률 시행령,0.00263826
건설기술 진흥법,산업안전보건법 시행령,0.00263826
부동산등기법,부동산등기규칙,0.00263826
국가를 당사자로 하는 계약에 관한 법률 시행령,법인세법 시행령,0.00263826
민법,법인세법 시행령,0.00263826
국가를 당사자로 하는 계약에 관한 법률 시행규칙,법인세법,0.00263826
근로기준법,민사집행법,0.00263826
형사소송법,민사소송법,0.00263826
관공서의 공휴일에 관한 규정,민법,0.00263826
산업안전보건기준에 관한 규칙,민법,0.00263826
민법,독점규제 및 공정거래에 관한 법률 시행령,0.00263826
국가를 당사자로 하는 계약에 관한 법률 시행령,도로법,0.00263826
수질 및 수생태계 보전에 관한 법률 시행규칙,대기환경보전법 시행규칙,0.00263826
신용정보의 이용 및 보호에 관한 법률,금융지주회사법,0.00263826
건설산업기본법,근로기준법 시행령,0.00263826
근로자퇴직급여 보장법,근로기준법 시행령,0.00263826
자본시장과 금융투자업에 관한 법률,근로기준법 시행령,0.00263826
고용보험법 시행규칙,근로기준법,0.00263826
국민건강보험법,근로기준법,0.00263826
민사소송법,근로기준법,0.00263826
국가를 당사자로 하는 계약에 관한 법률 시행령,국유재산법 시행규칙,0.00263826
건설산업기본법,국유재산법,0.00263826
주택법,국가를 당사자로 하는 계약에 관한 법률 시행령,0.00263826
하도급거래 공정화에 관한 법률,국가를 당사자로 하는 계약에 관한 법률 시행령,0.00263826
상법,국가를 당사자로 하는 계약에 관한 법률 시행규칙,0.00263826
중소기업제품 구매촉진 및 판로지원에 관한 법률,국가를 당사자로 하는 계약에 관한 법률 시행규칙,0.00263826
공익사업을 위한 토지 등의 취득 및 보상에 관한 법률,국가를 당사자로 하는 계약에 관한 법률,0.00263826
근로기준법,국가공무원 복무규정,0.00263826
국가공무원법,공무원보수규정,0.00263826
공공주택건설 등에 관한 특별법,공공주택건설 등에 관한 특별법 시행령,0.00263826
공공기관의 정보공개에 관한 법률,공공기관의 운영에 관한 법률,0.00263826
자본시장과 금융투자업에 관한 법률,공공기관의 운영에 관한 법률,0.00263826
소방시설 설치ㆍ유지 및 안전관리에 관한 법률 시행령,건축법,0.00263826
주택법 시행령,건축법,0.00263826
국토의 계획 및 이용에 관한 법률,건설산업기본법,0.00263826
건설기계관리법,건설기계관리법 시행령,0.00263826
민법,개인정보 보호법 시행규칙,0.00263826
금융실명거래 및 비밀보장에 관한 법률,개인정보 보호법,0.00263826
도로법,개인정보 보호법,0.00263826
근로기준법,형사소송법,0.002588481
건설기술 진흥법 시행령,폐기물관리법 시행규칙,0.002588481
대기환경보전법 시행령,폐기물관리법,0.002588481
경비업법,청원경찰법 시행령,0.002588481
건설기술 진흥법 시행령,중소기업제품 구매촉진 및 판로지원에 관한 법률,0.002588481
국가를 당사자로 하는 계약에 관한 법률,중소기업기본법 시행령,0.002588481
건설기술 진흥법 시행령,주택법 시행령,0.002588481
민법,주택법 시행령,0.002588481
건설산업기본법 시행령,주택법,0.002588481
공공기관의 운영에 관한 법률,조세특례제한법,0.002588481
자본시장과 금융투자업에 관한 법률,자산유동화에 관한 법률,0.002588481
민법,의료법,0.002588481
산업안전보건기준에 관한 규칙,위험물안전관리법 시행규칙,0.002588481
자본시장과 금융투자업에 관한 법률,외국환거래법 시행령,0.002588481
은행법,여신전문금융업법,0.002588481
보험업법 시행령,신용정보의 이용 및 보호에 관한 법률 시행령,0.002588481
금융지주회사법,신용정보의 이용 및 보호에 관한 법률,0.002588481
국가를 당사자로 하는 계약에 관한 법률 시행령,시설물의 안전관리에 관한 특별법 시행령,0.002588481
건축법,소방시설 설치ㆍ유지 및 안전관리에 관한 법률 시행령,0.002588481
공공기관의 소방안전관리에 관한 규정,소방시설 설치ㆍ유지 및 안전관리에 관한 법률 시행령,0.002588481
소방시설공사업법 시행령,소방시설 설치ㆍ유지 및 안전관리에 관한 법률 시행령,0.002588481
자본시장과 금융투자업에 관한 법률,상호저축은행법,0.002588481
건설산업기본법,상법,0.002588481
건축법,산업안전보건법,0.002588481
소방시설 설치ㆍ유지 및 안전관리에 관한 법률,산업안전보건법,0.002588481
폐기물관리법 시행령,산업안전보건법,0.002588481
국가를 당사자로 하는 계약에 관한 법률 시행령,부가가치세법 시행령,0.002588481
근로기준법,보험업법,0.002588481
소득세법,보험업법,0.002588481
국세기본법,법인세법,0.002588481
독점규제 및 공정거래에 관한 법률,법인세법,0.002588481
지방세법,법인세법,0.002588481
근로자퇴직급여 보장법,민법,0.002588481
산업안전보건법 시행규칙,독점규제 및 공정거래에 관한 법률,0.002588481
국가를 당사자로 하는 계약에 관한 법률 시행령,도로교통법,0.002588481
산업안전보건법,대기환경보전법 시행령,0.002588481
자본시장과 금융투자업에 관한 법률,금융실명거래 및 비밀보장에 관한 법률 시행령,0.002588481
상법,금융실명거래 및 비밀보장에 관한 법률,0.002588481
개인정보 보호법 시행규칙,근로기준법,0.002588481
은행법,근로기준법,0.002588481
주택법 시행령,근로기준법,0.002588481
국가를 당사자로 하는 계약에 관한 법률 시행령,국토의 계획 및 이용에 관한 법률 시행령,0.002588481
건축법 시행규칙,국토의 계획 및 이용에 관한 법률,0.002588481
건축법,국가를 당사자로 하는 계약에 관한 법률,0.002588481
중소기업제품 구매촉진 및 판로지원에 관한 법률,국가를 당사자로 하는 계약에 관한 법률,0.002588481
국가기술자격법 시행령,국가기술자격법 시행규칙,0.002588481
민법,관공서의 공휴일에 관한 규정,0.002588481
개인정보 보호법,공익사업을 위한 토지 등의 취득 및 보상에 관한 법률,0.002588481
상법,공공기관의 운영에 관한 법률,0.002588481
건축법 시행규칙,건설기술 진흥법 시행규칙,0.002588481
산업안전보건법 시행령,건설기술 진흥법,0.002588481
건설산업기본법 시행령,하도급거래 공정화에 관한 법률,0.002538703
국가를 당사자로 하는 계약에 관한 법률,폐기물관리법 시행규칙,0.002538703
수질 및 수생태계 보전에 관한 법률 시행규칙,폐기물관리법,0.002538703
근로기준법,파견근로자보호 등에 관한 법률,0.002538703
측량ㆍ수로조사 및 지적에 관한 법률 시행령,측량ㆍ수로조사 및 지적에 관한 법률 시행규칙,0.002538703
경비업법 시행령,청원경찰법 시행규칙,0.002538703
건설산업기본법 시행령,주택법 시행령,0.002538703
건축법 시행규칙,주택법 시행령,0.002538703
건설기술 진흥법 시행령,주택법,0.002538703
근로기준법,주택법,0.002538703
개인정보 보호법,주택공급에 관한 규칙,0.002538703
조달사업에 관한 법률,조달사업에 관한 법률 시행규칙,0.002538703
장애인복지법,장애인복지법 시행규칙,0.002538703
전자금융거래법,자본시장과 금융투자업에 관한 법률,0.002538703
의료법 시행규칙,의료법,0.002538703
소방시설 설치ㆍ유지 및 안전관리에 관한 법률,위험물안전관리법,0.002538703
엔지니어링산업 진흥법 시행령,엔지니어링산업 진흥법 시행규칙,0.002538703
상법,신용정보의 이용 및 보호에 관한 법률 시행령,0.002538703
근로기준법,신용정보의 이용 및 보호에 관한 법률,0.002538703
대기환경보전법 시행규칙,수질 및 수생태계 보전에 관한 법률,0.002538703
소방기본법 시행령,소방시설공사업법,0.002538703
소방시설 설치ㆍ유지 및 안전관리에 관한 법률 시행령,소방시설공사업법,0.002538703
산업안전보건법 시행규칙,소방기본법,0.002538703
정보통신망 이용촉진 및 정보보호 등에 관한 법률,소득세법,0.002538703
산업안전보건법 시행규칙,산업재해보상보험법,0.002538703
상법,산업안전보건법 시행령,0.002538703
유해화학물질 관리법 시행규칙,산업안전보건법 시행령,0.002538703
건축법 시행규칙,산업안전보건법 시행규칙,0.002538703
전기사업법,산업안전보건법,0.002538703
민사집행법,민사집행법 시행령,0.002538703
여신전문금융업법,민법,0.002538703
국토의 계획 및 이용에 관한 법률,도시개발법,0.002538703
도로법,도로교통법,0.002538703
국가를 당사자로 하는 계약에 관한 법률,대기환경보전법 시행규칙,0.002538703
금융실명거래 및 비밀보장에 관한 법률,금융실명거래및비밀보장에관한법률시행규칙,0.002538703
은행법,근로자퇴직급여 보장법,0.002538703
근로기준법 시행령,근로복지기본법,0.002538703
고용보험 및 산업재해보상보험의 보험료징수 등에 관한 법률,근로기준법,0.002538703
고용보험법 시행령,근로기준법,0.002538703
의료법,근로기준법,0.002538703
산업안전보건법,국토의 계획 및 이용에 관한 법률,0.002538703
국가를 당사자로 하는 계약에 관한 법률 시행령,국세징수법,0.002538703
근로기준법,국세기본법,0.002538703
공공기관의 운영에 관한 법률,국가재정법,0.002538703
공무원 여비 규정,국가를 당사자로 하는 계약에 관한 법률 시행령,0.002538703
국민건강보험법,국가를 당사자로 하는 계약에 관한 법률 시행령,0.002538703
소득세법,국가를 당사자로 하는 계약에 관한 법률 시행령,0.002538703
폐기물관리법 시행규칙,국가를 당사자로 하는 계약에 관한 법률 시행령,0.002538703
건축법 시행규칙,국가를 당사자로 하는 계약에 관한 법률,0.002538703
소득세법,국가를 당사자로 하는 계약에 관한 법률,0.002538703
개인정보 보호법,국가공무원법,0.002538703
국유재산법,공익사업을 위한 토지 등의 취득 및 보상에 관한 법률,0.002538703
국가공무원법,공무원임용령,0.002538703
건설산업기본법 시행령,공공기관의 운영에 관한 법률,0.002538703
고등학교 이하 각급 학교 설립ㆍ운영 규정,고등학교이하각급학교설립ㆍ운영규정시행규칙,0.002538703
산업안전보건법 시행규칙,건축법,0.002538703
상법,건축법,0.002538703
건설폐기물의 재활용촉진에 관한 법률 시행령,건설폐기물의 재활용촉진에 관한 법률 시행규칙,0.002538703
주택법,건설산업기본법 시행령,0.002538703
도로교통법,건설산업기본법,0.002538703
주택법,건설기술 진흥법 시행령,0.002538703
민사집행법,개인정보 보호법,0.002538703
산업안전보건기준에 관한 규칙,개인정보 보호법,0.002538703
산업재해보상보험법,개인정보 보호법,0.002538703
하도급거래 공정화에 관한 법률,개인정보 보호법,0.002538703
산업안전보건법 시행규칙,형법,0.002488924
학교보건법,학교보건법 시행규칙,0.002488924
독점규제 및 공정거래에 관한 법률,하도급거래 공정화에 관한 법률,0.002488924
근로기준법,최저임금법,0.002488924
경비업법 시행규칙,청원경찰법,0.002488924
은행법,채무자 회생 및 파산에 관한 법률,0.002488924
국가를 당사자로 하는 계약에 관한 법률 시행령,지방자치단체를 당사자로 하는 계약에 관한 법률 시행규칙,0.002488924
국가를 당사자로 하는 계약에 관한 법률 시행령,지방자치단체를 당사자로 하는 계약에 관한 법률,0.002488924
지방세법,지방세특례제한법,0.002488924
지방세법,지방세법 시행규칙,0.002488924
산업안전보건법 시행령,지방세법,0.002488924
지방세법,지방세기본법,0.002488924
주택공급에 관한 규칙,주택법 시행령,0.002488924
임대주택법,주택법,0.002488924
산업안전보건법 시행규칙,조세특례제한법,0.002488924
전자정부법,전자정부법 시행령,0.002488924
폐기물관리법 시행규칙,자원의 절약과 재활용촉진에 관한 법률 시행규칙,0.002488924
지방세법,자본시장과 금융투자업에 관한 법률,0.002488924
금융실명거래 및 비밀보장에 관한 법률,은행법,0.002488924
자본시장과 금융투자업에 관한 법률 시행령,은행법,0.002488924
대기환경보전법,유해화학물질 관리법,0.002488924
산업안전보건법 시행규칙,유해화학물질 관리법,0.002488924
폐기물관리법,유해화학물질 관리법,0.002488924
금융실명거래 및 비밀보장에 관한 법률,여신전문금융업법,0.002488924
의료법,약사법,0.002488924
상호저축은행법,신용정보의 이용 및 보호에 관한 법률,0.002488924
신에너지 및 재생에너지 개발ㆍ이용ㆍ보급 촉진법 시행령,신에너지 및 재생에너지 개발ㆍ이용ㆍ보급 촉진법 시행규칙,0.002488924
소프트웨어산업 진흥법 시행령,소프트웨어산업 진흥법 시행규칙,0.002488924
소방기본법 시행규칙,소방시설공사업법,0.002488924
소방기본법 시행규칙,소방시설 설치ㆍ유지 및 안전관리에 관한 법률 시행규칙,0.002488924
소방기본법 시행령,소방시설 설치ㆍ유지 및 안전관리에 관한 법률 시행규칙,0.002488924
건축법,상법,0.002488924
산업안전보건기준에 관한 규칙,상법,0.002488924
개인정보 보호법,상가건물 임대차보호법,0.002488924
산업재해보상보험법 시행령,산업재해보상보험법 시행규칙,0.002488924
자본시장과 금융투자업에 관한 법률,부가가치세법,0.002488924
독점규제 및 공정거래에 관한 법률,보험업법,0.002488924
국가를 당사자로 하는 계약에 관한 법률 시행령,보조금 관리에 관한 법률,0.002488924
산업안전보건법,법인세법,0.002488924
부가가치세법,민법,0.002488924
독점규제 및 공정거래에 관한 법률 시행령,독점규제 및 공정거래에 관한 법률,0.002488924
여신전문금융업법,독점규제 및 공정거래에 관한 법률,0.002488924
도시개발법,도시개발법 시행규칙,0.002488924
도시가스사업법 시행규칙,도시가스사업법,0.002488924
국토의 계획 및 이용에 관한 법률,농지법,0.002488924
노동조합 및 노동관계조정법 시행령,노동조합 및 노동관계조정법 시행규칙,0.002488924
남녀고용평등과 일ㆍ가정 양립 지원에 관한 법률,남녀고용평등과 일ㆍ가정 양립 지원에 관한 법률 시행규칙,0.002488924
국가를 당사자로 하는 계약에 관한 법률 시행령,기간제 및 단시간근로자 보호 등에 관한 법률,0.002488924
근로기준법 시행령,근로자퇴직급여 보장법,0.002488924
고용보험법,근로자직업능력 개발법,0.002488924
고용보험법,근로기준법 시행규칙,0.002488924
국가를 당사자로 하는 계약에 관한 법률 시행령,근로기준법 시행규칙,0.002488924
노동조합 및 노동관계조정법,근로기준법,0.002488924
산업입지 및 개발에 관한 법률,국토의 계획 및 이용에 관한 법률,0.002488924
국가를 당사자로 하는 계약에 관한 법률 시행규칙,국가재정법,0.002488924
국유재산법,국가를 당사자로 하는 계약에 관한 법률 시행령,0.002488924
공무원 여비 규정,국가를 당사자로 하는 계약에 관한 법률,0.002488924
건설산업기본법,공익사업을 위한 토지 등의 취득 및 보상에 관한 법률,0.002488924
산업안전보건법 시행령,건설산업기본법 시행령,0.002488924
대기환경보전법 시행규칙,건설산업기본법,0.002488924
폐기물관리법 시행규칙,건설산업기본법,0.002488924
건축법 시행규칙,건설기술 진흥법 시행령,0.002488924
소방시설 설치ㆍ유지 및 안전관리에 관한 법률 시행령,건설기술 진흥법 시행령,0.002488924
국가를 당사자로 하는 계약에 관한 법률 시행규칙,건설기술 진흥법,0.002488924
국가를 당사자로 하는 계약에 관한 법률 시행령,개인정보 보호법 시행규칙,0.002488924
국토의 계획 및 이용에 관한 법률,개인정보 보호법,0.002488924
근로자퇴직급여 보장법,개인정보 보호법,0.002488924
건설산업기본법,환경영향평가법,0.002439146
환경영향평가법 시행령,환경영향평가법,0.002439146
건설산업기본법,형법,0.002439146
도로교통법,형법,0.002439146
산업안전보건법 시행령,하도급거래 공정화에 관한 법률,0.002439146
수질 및 수생태계 보전에 관한 법률 시행규칙,폐기물관리법 시행령,0.002439146
국가를 당사자로 하는 계약에 관한 법률 시행령,폐기물관리법,0.002439146
출입국관리법,출입국관리법 시행령,0.002439146
근로기준법,채무자 회생 및 파산에 관한 법률,0.002439146
주택임대차보호법,집합건물의 소유 및 관리에 관한 법률,0.002439146
지방재정법,지방재정법 시행령,0.002439146
건설기술 진흥법 시행령,중소기업제품 구매촉진 및 판로지원에 관한 법률 시행령,0.002439146
자본시장과 금융투자업에 관한 법률,중소기업기본법 시행령,0.002439146
개인정보 보호법 시행규칙,정보통신망 이용촉진 및 정보보호 등에 관한 법률,0.002439146
저탄소 녹색성장 기본법,저탄소 녹색성장 기본법 시행령,0.002439146
자유무역협정의 이행을 위한 관세법의 특례에 관한 법률,자유무역협정의 이행을 위한 관세법의 특례에 관한 법률 시행규칙,0.002439146
개인정보 보호법 시행령,자본시장과 금융투자업에 관한 법률,0.002439146
부가가치세법,자본시장과 금융투자업에 관한 법률,0.002439146
상호저축은행법,자본시장과 금융투자업에 관한 법률,0.002439146
산업안전보건법 시행규칙,유해화학물질 관리법 시행령,0.002439146
외국환거래법 시행령,외국환거래법,0.002439146
법인세법,신용정보의 이용 및 보호에 관한 법률,0.002439146
대기환경보전법 시행규칙,수질 및 수생태계 보전에 관한 법률 시행령,0.002439146
국가를 당사자로 하는 계약에 관한 법률,수질 및 수생태계 보전에 관한 법률 시행규칙,0.002439146
국가를 당사자로 하는 계약에 관한 법률 시행령,수질 및 수생태계 보전에 관한 법률,0.002439146
수질 및 수생태계 보전에 관한 법률 시행령,수질 및 수생태계 보전에 관한 법률,0.002439146
산업안전보건법,소음ㆍ진동관리법 시행규칙,0.002439146
건설산업기본법,소방시설 설치ㆍ유지 및 안전관리에 관한 법률 시행규칙,0.002439146
법인세법,소득세법 시행령,0.002439146
상속세 및 증여세법,상속세 및 증여세법 시행규칙,0.002439146
근로자퇴직급여 보장법,상법,0.002439146
금융실명거래 및 비밀보장에 관한 법률,상법,0.002439146
형사소송법,상법,0.002439146
소방시설 설치ㆍ유지 및 안전관리에 관한 법률 시행규칙,산업안전보건법 시행령,0.002439146
소방시설 설치ㆍ유지 및 안전관리에 관한 법률 시행규칙,산업안전보건법,0.002439146
부가가치세법 시행규칙,부가가치세법 시행령,0.002439146
국세징수법,부가가치세법,0.002439146
개인정보 보호법 시행규칙,민법,0.002439146
건설기술 진흥법,민법,0.002439146
국가공무원법,민법,0.002439146
국유재산법,민법,0.002439146
도로법,민법,0.002439146
도시가스사업법 시행령,도시가스사업법 시행규칙,0.002439146
근로기준법,대기환경보전법 시행규칙,0.002439146
금융산업의 구조개선에 관한 법률,금융지주회사법,0.002439146
소득세법,근로자퇴직급여 보장법,0.002439146
건설기술 진흥법,근로기준법,0.002439146
공무원 여비 규정,근로기준법,0.002439146
상법,국토의 계획 및 이용에 관한 법률,0.002439146
주택법,국토의 계획 및 이용에 관한 법률,0.002439146
공공기관의 운영에 관한 법률,국세기본법,0.002439146
건축법,국가를 당사자로 하는 계약에 관한 법률 시행규칙,0.002439146
대기환경보전법 시행규칙,국가를 당사자로 하는 계약에 관한 법률 시행규칙,0.002439146
국토의 계획 및 이용에 관한 법률,국가를 당사자로 하는 계약에 관한 법률,0.002439146
형법,국가를 당사자로 하는 계약에 관한 법률,0.002439146
초ㆍ중등교육법,교육공무원법,0.002439146
근로기준법,관공서의 공휴일에 관한 규정,0.002439146
건설기술 진흥법 시행령,공익사업을 위한 토지 등의 취득 및 보상에 관한 법률,0.002439146
공공기관의 운영에 관한 법률,공익사업을 위한 토지 등의 취득 및 보상에 관한 법률,0.002439146
공공기관의 정보공개에 관한 법률,공익사업을 위한 토지 등의 취득 및 보상에 관한 법률,0.002439146
의료법,공공기관의 운영에 관한 법률,0.002439146
건설산업기본법 시행령,건축법 시행규칙,0.002439146
건축물의 설비기준 등에 관한 규칙,건축법 시행규칙,0.002439146
건축법 시행령,건축법 시행규칙,0.002439146
주택법,건축법 시행규칙,0.002439146
국가를 당사자로 하는 계약에 관한 법률,건설산업기본법 시행규칙,0.002439146
산업안전보건법,건설산업기본법 시행규칙,0.002439146
공공기관의 운영에 관한 법률,건설산업기본법,0.002439146
개인정보 보호법,건설기술 진흥법,0.002439146
